101675,"50.0101",1,05, 2,"R",0,"Z",0,"R",0,"Z",0,"Z",0,"Z",0,"Z",0,"Z",0,"Z",0,"Z",0,"Z",0,"Z",0,"Z",0,"Z",0,"Z",0,"Z",0,"Z",0,"Z",0,"Z",0,"Z",0,"Z",0,"Z",0,"Z",0,"Z",0,"R",0,"Z",0,"R",0,"Z",0,"Z",0,"Z",0
104151,"50.0101",1,05, 2,"R",25,"R",13,"R",12,"R",3,"R",3,"R",0,"R",3,"R",2,"R",1,"R",0,"R",0,"R",0,"R",5,"R",3,"R",2,"R",0,"R",0,"R",0,"R",14,"R",5,"R",9,"R",0,"R",0,"R",0,"R",0,"R",0,"R",0,"R",0,"R",0,"R",0
104151,"50.0102",1,01, 2,"R",2,"R",1,"R",1,"R",0,"R",0,"R",0,"R",0,"R",0,"R",0,"R",0,"R",0,"R",0,"R",0,"R",0,"R",0,"R",0,"R",0,"R",0,"R",1,"R",1,"R",0,"R",0,"R",0,"R",0,"R",0,"R",0,"R",0,"R",1,"R",0,"R",1
104708,"50.0101",1,03, 2,"R",0,"R",0,"Z",0,"Z",0,"Z",0,"Z",0,"Z",0,"Z",0,"Z",0,"Z",0,"Z",0,"Z",0,"Z",0,"Z",0,"Z",0,"Z",0,"Z",0,"Z",0,"Z",0,"Z",0,"Z",0,"Z",0,"Z",0,"Z",0,"Z",0,"Z",0,"Z",0,"R",0,"R",0,"Z",0
104717,"50.0102",1,05, 2,"R",0,"R",0,"R",0,"R",0,"R",0,"R",0,"R",0,"R",0,"R",0,"R",0,"R",0,"R",0,"R",0,"R",0,"R",0,"R",0,"R",0,"R",0,"R",0,"R",0,"R",0,"R",0,"R",0,"R",0,"R",0,"R",0,"R",0,"R",0,"R",0,"R",0
105145,"50.0101",1,03, 2,"R",0,"R",0,"Z",0,"Z",0,"Z",0,"Z",0,"Z",0,"Z",0,"Z",0,"Z",0,"Z",0,"Z",0,"Z",0,"Z",0,"Z",0,"Z",0,"Z",0,"Z",0,"Z",0,"Z",0,"Z",0,"Z",0,"Z",0,"Z",0,"Z",0,"Z",0,"Z",0,"R",0,"R",0,"Z",0
105154,"50.0101",1,03, 2,"R",4,"Z",0,"R",4,"Z",0,"Z",0,"Z",0,"Z",0,"Z",0,"Z",0,"Z",0,"Z",0,"Z",0,"R",1,"Z",0,"R",1,"Z",0,"Z",0,"Z",0,"R",3,"Z",0,"R",3,"Z",0,"Z",0,"Z",0,"Z",0,"Z",0,"Z",0,"Z",0,"Z",0,"Z",0
105428,"50.0101",1,03, 2,"R",0,"R",0,"Z",0,"Z",0,"Z",0,"Z",0,"Z",0,"Z",0,"Z",0,"Z",0,"Z",0,"Z",0,"Z",0,"Z",0,"Z",0,"Z",0,"Z",0,"Z",0,"Z",0,"Z",0,"Z",0,"Z",0,"Z",0,"Z",0,"Z",0,"Z",0,"Z",0,"R",0,"R",0,"Z",0
105525,"50.0101",1,03, 2,"R",16,"R",8,"R",8,"R",0,"R",0,"R",0,"R",0,"R",0,"R",0,"R",1,"R",0,"R",1,"R",6,"R",2,"R",4,"R",0,"R",0,"R",0,"R",9,"R",6,"R",3,"R",0,"R",0,"R",0,"R",0,"R",0,"R",0,"R",0,"R",0,"R",0
105525,"50.0102",1,02, 2,"R",7,"R",5,"R",2,"R",0,"R",0,"R",0,"R",0,"R",0,"R",0,"R",2,"R",2,"R",0,"R",2,"R",2,"R",0,"R",0,"R",0,"R",0,"R",3,"R",1,"R",2,"R",0,"R",0,"R",0,"R",0,"R",0,"R",0,"R",0,"R",0,"R",0
105525,"50.0102",1,03, 2,"R",68,"R",22,"R",46,"R",0,"R",0,"R",0,"R",2,"R",0,"R",2,"R",8,"R",4,"R",4,"R",16,"R",10,"R",6,"R",0,"R",0,"R",0,"R",32,"R",8,"R",24,"R",4,"R",0,"R",4,"R",2,"R",0,"R",2,"R",4,"R",0,"R",4
105589,"50.0101",1,05, 2,"R",3,"R",1,"R",2,"Z",0,"Z",0,"Z",0,"Z",0,"Z",0,"Z",0,"Z",0,"Z",0,"Z",0,"Z",0,"Z",0,"Z",0,"Z",0,"Z",0,"Z",0,"R",3,"R",1,"R",2,"Z",0,"Z",0,"Z",0,"Z",0,"Z",0,"Z",0,"Z",0,"Z",0,"Z",0
105668,"50.0101",1,03, 1,"R",0,"R",0,"Z",0,"Z",0,"Z",0,"Z",0,"Z",0,"Z",0,"Z",0,"Z",0,"Z",0,"Z",0,"Z",0,"Z",0,"Z",0,"Z",0,"Z",0,"Z",0,"Z",0,"Z",0,"Z",0,"Z",0,"Z",0,"Z",0,"Z",0,"Z",0,"Z",0,"R",0,"R",0,"Z",0
105747,"50.0101",1,03, 2,"R",9,"R",1,"R",8,"Z",0,"Z",0,"Z",0,"Z",0,"Z",0,"Z",0,"Z",0,"Z",0,"Z",0,"Z",0,"Z",0,"Z",0,"Z",0,"Z",0,"Z",0,"R",8,"R",1,"R",7,"Z",0,"Z",0,"Z",0,"Z",0,"Z",0,"Z",0,"R",1,"Z",0,"R",1
105792,"50.0101",1,03, 2,"R",0,"R",0,"Z",0,"Z",0,"Z",0,"Z",0,"Z",0,"Z",0,"Z",0,"Z",0,"Z",0,"Z",0,"Z",0,"Z",0,"Z",0,"Z",0,"Z",0,"Z",0,"Z",0,"Z",0,"Z",0,"Z",0,"Z",0,"Z",0,"Z",0,"Z",0,"Z",0,"R",0,"R",0,"Z",0
109208,"50.0101",1,03, 2,"R",3,"R",1,"R",2,"Z",0,"Z",0,"Z",0,"Z",0,"Z",0,"Z",0,"Z",0,"Z",0,"Z",0,"R",1,"R",1,"Z",0,"Z",0,"Z",0,"Z",0,"R",2,"Z",0,"R",2,"Z",0,"Z",0,"Z",0,"Z",0,"Z",0,"Z",0,"Z",0,"Z",0,"Z",0
110361,"50.0101",1,05, 2,"R",1,"R",1,"Z",0,"Z",0,"Z",0,"Z",0,"Z",0,"Z",0,"Z",0,"Z",0,"Z",0,"Z",0,"R",1,"R",1,"Z",0,"Z",0,"Z",0,"Z",0,"Z",0,"Z",0,"Z",0,"Z",0,"Z",0,"Z",0,"Z",0,"Z",0,"Z",0,"Z",0,"Z",0,"Z",0
110592,"50.0101",1,07, 2,"R",7,"R",4,"R",3,"R",0,"R",0,"R",0,"R",1,"R",1,"R",0,"R",0,"R",0,"R",0,"R",2,"R",2,"R",0,"R",0,"R",0,"R",0,"R",3,"R",1,"R",2,"R",0,"R",0,"R",0,"R",0,"R",0,"R",0,"R",1,"R",0,"R",1
110671,"50.0101",1,07, 2,"R",1,"R",1,"R",0,"R",0,"R",0,"R",0,"R",0,"R",0,"R",0,"R",0,"R",0,"R",0,"R",0,"R",0,"R",0,"R",0,"R",0,"R",0,"R",1,"R",1,"R",0,"R",0,"R",0,"R",0,"R",0,"R",0,"R",0,"R",0,"R",0,"R",0
110680,"50.0101",1,05, 2,"R",79,"R",34,"R",45,"R",0,"R",0,"R",0,"R",35,"R",13,"R",22,"R",0,"R",0,"R",0,"R",9,"R",4,"R",5,"R",0,"R",0,"R",0,"R",23,"R",10,"R",13,"R",0,"R",0,"R",0,"R",8,"R",5,"R",3,"R",4,"R",2,"R",2
110680,"50.0101",1,07, 2,"R",16,"R",9,"R",7,"R",0,"R",0,"R",0,"R",1,"R",1,"R",0,"R",2,"R",1,"R",1,"R",1,"R",0,"R",1,"R",1,"R",0,"R",1,"R",9,"R",6,"R",3,"R",0,"R",0,"R",0,"R",1,"R",0,"R",1,"R",1,"R",1,"R",0
110680,"50.0101",2,05, 2,"R",2,"R",2,"R",0,"R",0,"R",0,"R",0,"R",1,"R",1,"R",0,"R",0,"R",0,"R",0,"R",1,"R",1,"R",0,"R",0,"R",0,"R",0,"R",0,"R",0,"R",0,"R",0,"R",0,"R",0,"R",0,"R",0,"R",0,"R",0,"R",0,"R",0
111081,"50.0102",1,07, 2,"R",3,"R",3,"Z",0,"Z",0,"Z",0,"Z",0,"Z",0,"Z",0,"Z",0,"Z",0,"Z",0,"Z",0,"R",1,"R",1,"Z",0,"Z",0,"Z",0,"Z",0,"R",2,"R",2,"Z",0,"Z",0,"Z",0,"Z",0,"Z",0,"Z",0,"Z",0,"Z",0,"Z",0,"Z",0
111896,"50.0101",1,03, 2,"R",2,"Z",0,"R",2,"Z",0,"Z",0,"Z",0,"Z",0,"Z",0,"Z",0,"R",1,"Z",0,"R",1,"Z",0,"Z",0,"Z",0,"Z",0,"Z",0,"Z",0,"R",1,"Z",0,"R",1,"Z",0,"Z",0,"Z",0,"Z",0,"Z",0,"Z",0,"Z",0,"Z",0,"Z",0
111939,"50.0101",1,03, 2,"R",4,"R",1,"R",3,"Z",0,"Z",0,"Z",0,"Z",0,"Z",0,"Z",0,"R",1,"R",1,"Z",0,"R",1,"Z",0,"R",1,"Z",0,"Z",0,"Z",0,"R",2,"Z",0,"R",2,"Z",0,"Z",0,"Z",0,"Z",0,"Z",0,"Z",0,"Z",0,"Z",0,"Z",0
112172,"50.0101",1,03, 2,"R",96,"R",35,"R",61,"R",1,"R",0,"R",1,"R",14,"R",6,"R",8,"R",3,"R",0,"R",3,"R",38,"R",18,"R",20,"R",0,"R",0,"R",0,"R",24,"R",6,"R",18,"R",2,"R",0,"R",2,"R",6,"R",4,"R",2,"R",8,"R",1,"R",7
113111,"50.0101",1,03, 2,"R",5,"R",3,"R",2,"Z",0,"Z",0,"Z",0,"Z",0,"Z",0,"Z",0,"Z",0,"Z",0,"Z",0,"R",2,"R",2,"Z",0,"Z",0,"Z",0,"Z",0,"R",3,"R",1,"R",2,"Z",0,"Z",0,"Z",0,"Z",0,"Z",0,"Z",0,"Z",0,"Z",0,"Z",0
113236,"50.0101",1,03, 2,"R",56,"R",21,"R",35,"R",1,"Z",0,"R",1,"R",11,"R",5,"R",6,"R",2,"Z",0,"R",2,"R",16,"R",6,"R",10,"Z",0,"Z",0,"Z",0,"R",20,"R",7,"R",13,"R",3,"R",2,"R",1,"R",2,"R",1,"R",1,"R",1,"Z",0,"R",1
113333,"50.0101",1,03, 2,"R",1,"Z",0,"R",1,"R",1,"Z",0,"R",1,"Z",0,"Z",0,"Z",0,"Z",0,"Z",0,"Z",0,"Z",0,"Z",0,"Z",0,"Z",0,"Z",0,"Z",0,"Z",0,"Z",0,"Z",0,"Z",0,"Z",0,"Z",0,"Z",0,"Z",0,"Z",0,"Z",0,"Z",0,"Z",0
114433,"50.0101",1,03, 2,"R",1,"Z",0,"R",1,"Z",0,"Z",0,"Z",0,"Z",0,"Z",0,"Z",0,"Z",0,"Z",0,"Z",0,"Z",0,"Z",0,"Z",0,"Z",0,"Z",0,"Z",0,"R",1,"Z",0,"R",1,"Z",0,"Z",0,"Z",0,"Z",0,"Z",0,"Z",0,"Z",0,"Z",0,"Z",0
115126,"50.0101",1,03, 2,"R",25,"R",15,"R",10,"Z",0,"Z",0,"Z",0,"R",7,"R",5,"R",2,"Z",0,"Z",0,"Z",0,"R",5,"R",3,"R",2,"Z",0,"Z",0,"Z",0,"R",12,"R",6,"R",6,"R",1,"R",1,"Z",0,"Z",0,"Z",0,"Z",0,"Z",0,"Z",0,"Z",0
116439,"50.0101",1,03, 2,"R",2,"Z",0,"R",2,"Z",0,"Z",0,"Z",0,"Z",0,"Z",0,"Z",0,"Z",0,"Z",0,"Z",0,"Z",0,"Z",0,"Z",0,"Z",0,"Z",0,"Z",0,"R",1,"Z",0,"R",1,"R",1,"Z",0,"R",1,"Z",0,"Z",0,"Z",0,"Z",0,"Z",0,"Z",0
117645,"50.0101",1,03, 2,"R",5,"R",2,"R",3,"Z",0,"Z",0,"Z",0,"R",1,"Z",0,"R",1,"Z",0,"Z",0,"Z",0,"R",1,"Z",0,"R",1,"Z",0,"Z",0,"Z",0,"R",2,"R",1,"R",1,"Z",0,"Z",0,"Z",0,"R",1,"R",1,"Z",0,"Z",0,"Z",0,"Z",0
118684,"50.0101",1,03, 2,"R",2,"Z",0,"R",2,"Z",0,"Z",0,"Z",0,"Z",0,"Z",0,"Z",0,"Z",0,"Z",0,"Z",0,"Z",0,"Z",0,"Z",0,"Z",0,"Z",0,"Z",0,"R",2,"Z",0,"R",2,"Z",0,"Z",0,"Z",0,"Z",0,"Z",0,"Z",0,"Z",0,"Z",0,"Z",0
118976,"50.0101",1,03, 2,"R",2,"R",1,"R",1,"Z",0,"Z",0,"Z",0,"Z",0,"Z",0,"Z",0,"Z",0,"Z",0,"Z",0,"Z",0,"Z",0,"Z",0,"Z",0,"Z",0,"Z",0,"Z",0,"Z",0,"Z",0,"Z",0,"Z",0,"Z",0,"R",2,"R",1,"R",1,"Z",0,"Z",0,"Z",0
119164,"50.0101",1,03, 2,"R",9,"R",3,"R",6,"Z",0,"Z",0,"Z",0,"R",1,"Z",0,"R",1,"Z",0,"Z",0,"Z",0,"R",6,"R",2,"R",4,"Z",0,"Z",0,"Z",0,"R",1,"R",1,"Z",0,"Z",0,"Z",0,"Z",0,"Z",0,"Z",0,"Z",0,"R",1,"Z",0,"R",1
119331,"50.0101",1,03, 2,"R",2,"R",1,"R",1,"Z",0,"Z",0,"Z",0,"Z",0,"Z",0,"Z",0,"Z",0,"Z",0,"Z",0,"Z",0,"Z",0,"Z",0,"Z",0,"Z",0,"Z",0,"R",2,"R",1,"R",1,"Z",0,"Z",0,"Z",0,"Z",0,"Z",0,"Z",0,"Z",0,"Z",0,"Z",0
120290,"50.0101",1,01, 2,"R",2,"Z",0,"R",2,"Z",0,"Z",0,"Z",0,"Z",0,"Z",0,"Z",0,"Z",0,"Z",0,"Z",0,"Z",0,"Z",0,"Z",0,"Z",0,"Z",0,"Z",0,"R",1,"Z",0,"R",1,"Z",0,"Z",0,"Z",0,"R",1,"Z",0,"R",1,"Z",0,"Z",0,"Z",0
120290,"50.0101",1,03, 2,"R",9,"R",3,"R",6,"Z",0,"Z",0,"Z",0,"R",3,"Z",0,"R",3,"R",1,"R",1,"Z",0,"R",1,"Z",0,"R",1,"Z",0,"Z",0,"Z",0,"R",3,"R",2,"R",1,"Z",0,"Z",0,"Z",0,"R",1,"Z",0,"R",1,"Z",0,"Z",0,"Z",0
121044,"50.0101",1,03, 2,"R",1,"R",1,"Z",0,"Z",0,"Z",0,"Z",0,"Z",0,"Z",0,"Z",0,"Z",0,"Z",0,"Z",0,"Z",0,"Z",0,"Z",0,"Z",0,"Z",0,"Z",0,"R",1,"R",1,"Z",0,"Z",0,"Z",0,"Z",0,"Z",0,"Z",0,"Z",0,"Z",0,"Z",0,"Z",0
121257,"50.0101",1,05, 2,"R",0,"R",0,"R",0,"Z",0,"Z",0,"Z",0,"Z",0,"Z",0,"Z",0,"Z",0,"Z",0,"Z",0,"Z",0,"Z",0,"Z",0,"Z",0,"Z",0,"Z",0,"Z",0,"Z",0,"Z",0,"Z",0,"Z",0,"Z",0,"R",0,"Z",0,"R",0,"R",0,"R",0,"Z",0
121309,"50.0101",1,05, 2,"R",10,"R",3,"R",7,"Z",0,"Z",0,"Z",0,"Z",0,"Z",0,"Z",0,"Z",0,"Z",0,"Z",0,"R",1,"R",1,"Z",0,"Z",0,"Z",0,"Z",0,"R",9,"R",2,"R",7,"Z",0,"Z",0,"Z",0,"Z",0,"Z",0,"Z",0,"Z",0,"Z",0,"Z",0
121309,"50.0101",2,05, 2,"R",0,"R",0,"Z",0,"Z",0,"Z",0,"Z",0,"Z",0,"Z",0,"Z",0,"Z",0,"Z",0,"Z",0,"Z",0,"Z",0,"Z",0,"Z",0,"Z",0,"Z",0,"Z",0,"Z",0,"Z",0,"Z",0,"Z",0,"Z",0,"R",0,"R",0,"Z",0,"Z",0,"Z",0,"Z",0
121309,"50.0102",1,05, 2,"R",0,"R",0,"Z",0,"Z",0,"Z",0,"Z",0,"Z",0,"Z",0,"Z",0,"Z",0,"Z",0,"Z",0,"Z",0,"Z",0,"Z",0,"Z",0,"Z",0,"Z",0,"Z",0,"Z",0,"Z",0,"Z",0,"Z",0,"Z",0,"R",0,"R",0,"Z",0,"Z",0,"Z",0,"Z",0
121309,"50.0102",2,05, 2,"R",0,"R",0,"Z",0,"Z",0,"Z",0,"Z",0,"Z",0,"Z",0,"Z",0,"Z",0,"Z",0,"Z",0,"Z",0,"Z",0,"Z",0,"Z",0,"Z",0,"Z",0,"Z",0,"Z",0,"Z",0,"Z",0,"Z",0,"Z",0,"R",0,"R",0,"Z",0,"Z",0,"Z",0,"Z",0
122180,"50.0101",1,03, 2,"R",5,"Z",0,"R",5,"Z",0,"Z",0,"Z",0,"Z",0,"Z",0,"Z",0,"R",1,"Z",0,"R",1,"R",1,"Z",0,"R",1,"Z",0,"Z",0,"Z",0,"R",2,"Z",0,"R",2,"R",1,"Z",0,"R",1,"Z",0,"Z",0,"Z",0,"Z",0,"Z",0,"Z",0
122205,"50.0101",1,03, 2,"R",16,"R",6,"R",10,"Z",0,"Z",0,"Z",0,"R",2,"Z",0,"R",2,"R",1,"Z",0,"R",1,"R",1,"R",1,"Z",0,"Z",0,"Z",0,"Z",0,"R",10,"R",4,"R",6,"Z",0,"Z",0,"Z",0,"R",2,"R",1,"R",1,"Z",0,"Z",0,"Z",0
122612,"50.0101",1,05, 2,"R",7,"R",3,"R",4,"Z",0,"Z",0,"Z",0,"Z",0,"Z",0,"Z",0,"Z",0,"Z",0,"Z",0,"R",1,"R",1,"R",0,"Z",0,"Z",0,"Z",0,"R",4,"R",1,"R",3,"R",1,"Z",0,"R",1,"R",1,"R",1,"Z",0,"Z",0,"Z",0,"Z",0
122612,"50.0101",2,05, 2,"R",0,"R",0,"Z",0,"Z",0,"Z",0,"Z",0,"Z",0,"Z",0,"Z",0,"Z",0,"Z",0,"Z",0,"Z",0,"Z",0,"Z",0,"Z",0,"Z",0,"Z",0,"Z",0,"Z",0,"Z",0,"Z",0,"Z",0,"Z",0,"Z",0,"Z",0,"Z",0,"R",0,"R",0,"Z",0
122755,"50.0101",1,05, 2,"R",17,"R",3,"R",14,"R",0,"R",0,"R",0,"R",3,"R",0,"R",3,"R",0,"R",0,"R",0,"R",2,"R",0,"R",2,"R",0,"R",0,"R",0,"R",11,"R",2,"R",9,"R",1,"R",1,"R",0,"R",0,"R",0,"R",0,"R",0,"R",0,"R",0
122791,"50.0101",1,01, 2,"R",2,"Z",0,"R",2,"Z",0,"Z",0,"Z",0,"Z",0,"Z",0,"Z",0,"Z",0,"Z",0,"Z",0,"Z",0,"Z",0,"Z",0,"Z",0,"Z",0,"Z",0,"R",2,"Z",0,"R",2,"Z",0,"Z",0,"Z",0,"Z",0,"Z",0,"Z",0,"Z",0,"Z",0,"Z",0
122791,"50.0101",1,03, 2,"R",1,"Z",0,"R",1,"Z",0,"Z",0,"Z",0,"Z",0,"Z",0,"Z",0,"Z",0,"Z",0,"Z",0,"Z",0,"Z",0,"Z",0,"Z",0,"Z",0,"Z",0,"R",1,"Z",0,"R",1,"Z",0,"Z",0,"Z",0,"Z",0,"Z",0,"Z",0,"Z",0,"Z",0,"Z",0
123013,"50.0101",1,03, 2,"R",8,"R",2,"R",6,"Z",0,"Z",0,"Z",0,"R",1,"Z",0,"R",1,"Z",0,"Z",0,"Z",0,"Z",0,"Z",0,"Z",0,"Z",0,"Z",0,"Z",0,"R",6,"R",2,"R",4,"Z",0,"Z",0,"Z",0,"R",1,"Z",0,"R",1,"Z",0,"Z",0,"Z",0
123341,"50.0101",1,03, 2,"R",4,"Z",0,"R",4,"Z",0,"Z",0,"Z",0,"Z",0,"Z",0,"Z",0,"Z",0,"Z",0,"Z",0,"R",1,"Z",0,"R",1,"Z",0,"Z",0,"Z",0,"R",3,"Z",0,"R",3,"Z",0,"Z",0,"Z",0,"Z",0,"Z",0,"Z",0,"Z",0,"Z",0,"Z",0
123961,"50.0101",1,05, 2,"R",2,"R",2,"Z",0,"Z",0,"Z",0,"Z",0,"Z",0,"Z",0,"Z",0,"R",1,"R",1,"Z",0,"Z",0,"Z",0,"Z",0,"Z",0,"Z",0,"Z",0,"R",1,"R",1,"Z",0,"Z",0,"Z",0,"Z",0,"Z",0,"Z",0,"Z",0,"Z",0,"Z",0,"Z",0
123961,"50.0102",1,05, 2,"R",15,"R",7,"R",8,"Z",0,"Z",0,"Z",0,"R",3,"R",1,"R",2,"R",1,"Z",0,"R",1,"Z",0,"Z",0,"Z",0,"Z",0,"Z",0,"Z",0,"R",10,"R",5,"R",5,"R",1,"R",1,"Z",0,"Z",0,"Z",0,"Z",0,"Z",0,"Z",0,"Z",0
123961,"50.0102",1,07, 2,"R",13,"R",6,"R",7,"Z",0,"Z",0,"Z",0,"Z",0,"Z",0,"Z",0,"Z",0,"Z",0,"Z",0,"R",1,"Z",0,"R",1,"Z",0,"Z",0,"Z",0,"R",6,"R",4,"R",2,"R",2,"Z",0,"R",2,"R",3,"R",1,"R",2,"R",1,"R",1,"Z",0
125091,"50.0101",1,03, 2,"R",33,"R",11,"R",22,"Z",0,"Z",0,"Z",0,"R",1,"Z",0,"R",1,"R",1,"Z",0,"R",1,"R",11,"R",6,"R",5,"Z",0,"Z",0,"Z",0,"R",18,"R",5,"R",13,"Z",0,"Z",0,"Z",0,"R",2,"Z",0,"R",2,"Z",0,"Z",0,"Z",0
125499,"50.0101",1,03, 2,"R",7,"R",1,"R",6,"Z",0,"Z",0,"Z",0,"Z",0,"Z",0,"Z",0,"Z",0,"Z",0,"Z",0,"R",1,"Z",0,"R",1,"Z",0,"Z",0,"Z",0,"R",4,"Z",0,"R",4,"Z",0,"Z",0,"Z",0,"R",1,"Z",0,"R",1,"R",1,"R",1,"Z",0
126580,"50.0101",1,05, 2,"R",41,"R",14,"R",27,"R",1,"R",1,"R",0,"R",1,"R",0,"R",1,"R",3,"R",1,"R",2,"R",1,"R",1,"R",0,"R",0,"R",0,"R",0,"R",31,"R",10,"R",21,"R",0,"R",0,"R",0,"R",4,"R",1,"R",3,"R",0,"R",0,"R",0
126827,"50.0102",1,05, 2,"R",2,"R",0,"R",2,"R",0,"R",0,"R",0,"R",0,"R",0,"R",0,"R",0,"R",0,"R",0,"R",0,"R",0,"R",0,"R",0,"R",0,"R",0,"R",2,"R",0,"R",2,"R",0,"R",0,"R",0,"R",0,"R",0,"R",0,"R",0,"R",0,"R",0
127653,"50.0101",1,05, 2,"R",4,"Z",0,"R",4,"Z",0,"Z",0,"Z",0,"Z",0,"Z",0,"Z",0,"Z",0,"Z",0,"Z",0,"Z",0,"Z",0,"Z",0,"Z",0,"Z",0,"Z",0,"R",4,"Z",0,"R",4,"Z",0,"Z",0,"Z",0,"Z",0,"Z",0,"Z",0,"Z",0,"Z",0,"Z",0
127653,"50.0101",2,05, 2,"R",0,"R",0,"Z",0,"Z",0,"Z",0,"Z",0,"Z",0,"Z",0,"Z",0,"Z",0,"Z",0,"Z",0,"Z",0,"Z",0,"Z",0,"Z",0,"Z",0,"Z",0,"Z",0,"Z",0,"Z",0,"Z",0,"Z",0,"Z",0,"Z",0,"Z",0,"Z",0,"R",0,"R",0,"Z",0
129729,"50.0102",1,01, 2,"R",2,"R",1,"R",1,"R",0,"R",0,"R",0,"R",0,"R",0,"R",0,"R",0,"R",0,"R",0,"R",0,"R",0,"R",0,"R",0,"R",0,"R",0,"R",2,"R",1,"R",1,"R",0,"R",0,"R",0,"R",0,"R",0,"R",0,"R",0,"R",0,"R",0
131450,"50.0101",1,05, 2,"R",1,"Z",0,"R",1,"Z",0,"Z",0,"Z",0,"Z",0,"Z",0,"Z",0,"Z",0,"Z",0,"Z",0,"Z",0,"Z",0,"Z",0,"Z",0,"Z",0,"Z",0,"R",1,"Z",0,"R",1,"Z",0,"Z",0,"Z",0,"Z",0,"Z",0,"Z",0,"Z",0,"Z",0,"Z",0
132903,"50.0102",1,05, 2,"R",119,"R",90,"R",29,"R",0,"R",0,"R",0,"R",4,"R",3,"R",1,"R",3,"R",2,"R",1,"R",20,"R",15,"R",5,"R",0,"R",0,"R",0,"R",81,"R",60,"R",21,"R",5,"R",4,"R",1,"R",5,"R",5,"R",0,"R",1,"R",1,"R",0
132903,"50.0102",1,07, 2,"R",58,"R",47,"R",11,"R",0,"R",0,"R",0,"R",6,"R",4,"R",2,"R",1,"R",1,"R",0,"R",7,"R",6,"R",1,"R",0,"R",0,"R",0,"R",38,"R",31,"R",7,"R",0,"R",0,"R",0,"R",4,"R",3,"R",1,"R",2,"R",2,"R",0
133492,"50.0101",1,05, 2,"R",1,"R",1,"Z",0,"Z",0,"Z",0,"Z",0,"Z",0,"Z",0,"Z",0,"Z",0,"Z",0,"Z",0,"Z",0,"Z",0,"Z",0,"Z",0,"Z",0,"Z",0,"R",1,"R",1,"Z",0,"Z",0,"Z",0,"Z",0,"Z",0,"Z",0,"Z",0,"Z",0,"Z",0,"Z",0
134130,"50.0102",1,05, 1,"R",11,"R",8,"R",3,"R",0,"R",0,"R",0,"R",0,"R",0,"R",0,"R",2,"R",2,"R",0,"R",1,"R",1,"R",0,"R",0,"R",0,"R",0,"R",8,"R",5,"R",3,"R",0,"R",0,"R",0,"R",0,"R",0,"R",0,"R",0,"R",0,"R",0
134130,"50.0102",1,07, 2,"R",7,"R",5,"R",2,"R",0,"R",0,"R",0,"R",0,"R",0,"R",0,"R",1,"R",0,"R",1,"R",0,"R",0,"R",0,"R",0,"R",0,"R",0,"R",3,"R",2,"R",1,"R",0,"R",0,"R",0,"R",1,"R",1,"R",0,"R",2,"R",2,"R",0
134945,"50.0101",1,05, 2,"R",5,"R",2,"R",3,"R",0,"R",0,"R",0,"R",0,"R",0,"R",0,"R",0,"R",0,"R",0,"R",0,"R",0,"R",0,"R",0,"R",0,"R",0,"R",4,"R",1,"R",3,"R",0,"R",0,"R",0,"R",1,"R",1,"R",0,"R",0,"R",0,"R",0
137546,"50.0102",1,05, 2,"R",8,"R",5,"R",3,"Z",0,"Z",0,"Z",0,"Z",0,"Z",0,"Z",0,"Z",0,"Z",0,"Z",0,"Z",0,"Z",0,"Z",0,"Z",0,"Z",0,"Z",0,"R",8,"R",5,"R",3,"Z",0,"Z",0,"Z",0,"Z",0,"Z",0,"Z",0,"Z",0,"Z",0,"Z",0
137546,"50.0102",2,05, 2,"R",0,"R",0,"R",0,"Z",0,"Z",0,"Z",0,"Z",0,"Z",0,"Z",0,"Z",0,"Z",0,"Z",0,"Z",0,"Z",0,"Z",0,"Z",0,"Z",0,"Z",0,"Z",0,"Z",0,"Z",0,"Z",0,"Z",0,"Z",0,"Z",0,"Z",0,"Z",0,"R",0,"R",0,"R",0
137847,"50.0102",1,05, 2,"R",1,"R",0,"R",1,"R",0,"R",0,"R",0,"R",0,"R",0,"R",0,"R",0,"R",0,"R",0,"R",0,"R",0,"R",0,"R",0,"R",0,"R",0,"R",0,"R",0,"R",0,"R",0,"R",0,"R",0,"R",1,"R",0,"R",1,"R",0,"R",0,"R",0
137847,"50.0102",2,05, 2,"R",1,"R",0,"R",1,"R",0,"R",0,"R",0,"R",0,"R",0,"R",0,"R",0,"R",0,"R",0,"R",0,"R",0,"R",0,"R",0,"R",0,"R",0,"R",1,"R",0,"R",1,"R",0,"R",0,"R",0,"R",0,"R",0,"R",0,"R",0,"R",0,"R",0
138309,"50.0102",1,05, 1,"R",1,"R",0,"R",1,"R",0,"R",0,"R",0,"R",0,"R",0,"R",0,"R",0,"R",0,"R",0,"R",0,"R",0,"R",0,"R",0,"R",0,"R",0,"R",1,"R",0,"R",1,"R",0,"R",0,"R",0,"R",0,"R",0,"R",0,"R",0,"R",0,"R",0
138761,"50.0101",1,03, 2,"R",1,"R",1,"Z",0,"Z",0,"Z",0,"Z",0,"Z",0,"Z",0,"Z",0,"R",1,"R",1,"Z",0,"Z",0,"Z",0,"Z",0,"Z",0,"Z",0,"Z",0,"Z",0,"Z",0,"Z",0,"Z",0,"Z",0,"Z",0,"Z",0,"Z",0,"Z",0,"Z",0,"Z",0,"Z",0
139205,"50.0101",1,05, 2,"R",0,"R",0,"Z",0,"Z",0,"Z",0,"Z",0,"Z",0,"Z",0,"Z",0,"R",0,"R",0,"Z",0,"Z",0,"Z",0,"Z",0,"Z",0,"Z",0,"Z",0,"Z",0,"Z",0,"Z",0,"Z",0,"Z",0,"Z",0,"Z",0,"Z",0,"Z",0,"Z",0,"Z",0,"Z",0
140234,"50.0101",1,05, 2,"R",12,"R",6,"R",6,"Z",0,"Z",0,"Z",0,"Z",0,"Z",0,"Z",0,"R",2,"R",1,"R",1,"Z",0,"Z",0,"Z",0,"Z",0,"Z",0,"Z",0,"R",10,"R",5,"R",5,"Z",0,"Z",0,"Z",0,"Z",0,"Z",0,"Z",0,"Z",0,"Z",0,"Z",0
140960,"50.0101",1,05, 2,"R",11,"R",5,"R",6,"R",0,"R",0,"R",0,"R",0,"R",0,"R",0,"R",11,"R",5,"R",6,"R",0,"R",0,"R",0,"R",0,"R",0,"R",0,"R",0,"R",0,"R",0,"R",0,"R",0,"R",0,"R",0,"R",0,"R",0,"R",0,"R",0,"R",0
141060,"50.0101",1,05, 2,"R",0,"Z",0,"R",0,"Z",0,"Z",0,"Z",0,"Z",0,"Z",0,"Z",0,"Z",0,"Z",0,"Z",0,"Z",0,"Z",0,"Z",0,"Z",0,"Z",0,"Z",0,"Z",0,"Z",0,"Z",0,"Z",0,"Z",0,"Z",0,"R",0,"Z",0,"R",0,"Z",0,"Z",0,"Z",0
141097,"50.0101",1,05, 2,"R",1,"R",0,"R",1,"R",0,"R",0,"R",0,"R",0,"R",0,"R",0,"R",0,"R",0,"R",0,"R",0,"R",0,"R",0,"R",0,"R",0,"R",0,"R",0,"R",0,"R",0,"R",0,"R",0,"R",0,"R",0,"R",0,"R",0,"R",1,"R",0,"R",1
141264,"50.0101",1,05, 2,"R",25,"R",9,"R",16,"R",1,"R",0,"R",1,"R",0,"R",0,"R",0,"R",7,"R",2,"R",5,"R",2,"R",1,"R",1,"R",0,"R",0,"R",0,"R",12,"R",5,"R",7,"R",2,"R",1,"R",1,"R",1,"R",0,"R",1,"R",0,"R",0,"R",0
143048,"50.0101",1,05, 2,"R",12,"R",1,"R",11,"R",0,"R",0,"R",0,"R",1,"R",0,"R",1,"R",0,"R",0,"R",0,"R",1,"R",0,"R",1,"R",0,"R",0,"R",0,"R",9,"R",1,"R",8,"R",0,"R",0,"R",0,"R",0,"R",0,"R",0,"R",1,"R",0,"R",1
143048,"50.0101",1,07, 2,"R",16,"R",2,"R",14,"R",0,"R",0,"R",0,"R",1,"R",0,"R",1,"R",0,"R",0,"R",0,"R",0,"R",0,"R",0,"R",0,"R",0,"R",0,"R",13,"R",2,"R",11,"R",0,"R",0,"R",0,"R",0,"R",0,"R",0,"R",2,"R",0,"R",2
143288,"50.0101",1,05, 2,"R",1,"Z",0,"R",1,"Z",0,"Z",0,"Z",0,"Z",0,"Z",0,"Z",0,"Z",0,"Z",0,"Z",0,"Z",0,"Z",0,"Z",0,"Z",0,"Z",0,"Z",0,"R",1,"Z",0,"R",1,"Z",0,"Z",0,"Z",0,"Z",0,"Z",0,"Z",0,"Z",0,"Z",0,"Z",0
143288,"50.0101",2,05, 2,"R",1,"Z",0,"R",1,"Z",0,"Z",0,"Z",0,"Z",0,"Z",0,"Z",0,"Z",0,"Z",0,"Z",0,"Z",0,"Z",0,"Z",0,"Z",0,"Z",0,"Z",0,"R",1,"Z",0,"R",1,"Z",0,"Z",0,"Z",0,"Z",0,"Z",0,"Z",0,"Z",0,"Z",0,"Z",0
145372,"50.0102",1,05, 2,"R",18,"R",13,"R",5,"Z",0,"Z",0,"Z",0,"Z",0,"Z",0,"Z",0,"Z",0,"Z",0,"Z",0,"Z",0,"Z",0,"Z",0,"Z",0,"Z",0,"Z",0,"R",17,"R",12,"R",5,"Z",0,"Z",0,"Z",0,"R",1,"R",1,"Z",0,"Z",0,"Z",0,"Z",0
145372,"50.0102",2,05, 2,"R",2,"R",1,"R",1,"Z",0,"Z",0,"Z",0,"Z",0,"Z",0,"Z",0,"Z",0,"Z",0,"Z",0,"Z",0,"Z",0,"Z",0,"Z",0,"Z",0,"Z",0,"R",2,"R",1,"R",1,"Z",0,"Z",0,"Z",0,"Z",0,"Z",0,"Z",0,"Z",0,"Z",0,"Z",0
146010,"50.0102",1,03, 2,"R",7,"R",4,"R",3,"R",0,"R",0,"R",0,"R",1,"R",0,"R",1,"R",2,"R",2,"R",0,"R",4,"R",2,"R",2,"R",0,"R",0,"R",0,"R",0,"R",0,"R",0,"R",0,"R",0,"R",0,"R",0,"R",0,"R",0,"R",0,"R",0,"R",0
146010,"50.0102",1,05, 2,"R",16,"R",10,"R",6,"R",0,"R",0,"R",0,"R",1,"R",0,"R",1,"R",8,"R",6,"R",2,"R",2,"R",1,"R",1,"R",0,"R",0,"R",0,"R",5,"R",3,"R",2,"R",0,"R",0,"R",0,"R",0,"R",0,"R",0,"R",0,"R",0,"R",0
147378,"50.0101",1,03, 2,"R",2,"R",2,"R",0,"R",0,"R",0,"R",0,"R",0,"R",0,"R",0,"R",0,"R",0,"R",0,"R",0,"R",0,"R",0,"R",0,"R",0,"R",0,"R",0,"R",0,"R",0,"R",0,"R",0,"R",0,"R",0,"R",0,"R",0,"R",2,"R",2,"R",0
147767,"50.0101",1,05, 2,"R",2,"R",1,"R",1,"Z",0,"Z",0,"Z",0,"Z",0,"Z",0,"Z",0,"Z",0,"Z",0,"Z",0,"Z",0,"Z",0,"Z",0,"Z",0,"Z",0,"Z",0,"R",2,"R",1,"R",1,"Z",0,"Z",0,"Z",0,"Z",0,"Z",0,"Z",0,"Z",0,"Z",0,"Z",0
147767,"50.0101",2,05, 2,"R",0,"R",0,"Z",0,"Z",0,"Z",0,"Z",0,"Z",0,"Z",0,"Z",0,"Z",0,"Z",0,"Z",0,"Z",0,"Z",0,"Z",0,"Z",0,"Z",0,"Z",0,"Z",0,"Z",0,"Z",0,"Z",0,"Z",0,"Z",0,"R",0,"R",0,"Z",0,"Z",0,"Z",0,"Z",0
148584,"50.0101",1,05, 2,"R",2,"R",0,"R",2,"R",0,"R",0,"R",0,"R",0,"R",0,"R",0,"R",0,"R",0,"R",0,"R",0,"R",0,"R",0,"R",0,"R",0,"R",0,"R",1,"R",0,"R",1,"R",1,"R",0,"R",1,"R",0,"R",0,"R",0,"R",0,"R",0,"R",0
148584,"50.0101",2,05, 2,"R",0,"R",0,"R",0,"R",0,"R",0,"R",0,"R",0,"R",0,"R",0,"R",0,"R",0,"R",0,"R",0,"R",0,"R",0,"R",0,"R",0,"R",0,"R",0,"R",0,"R",0,"R",0,"R",0,"R",0,"R",0,"R",0,"R",0,"R",0,"R",0,"R",0
151111,"50.0101",1,07, 2,"R",1,"R",1,"Z",0,"Z",0,"Z",0,"Z",0,"Z",0,"Z",0,"Z",0,"Z",0,"Z",0,"Z",0,"R",1,"R",1,"Z",0,"Z",0,"Z",0,"Z",0,"Z",0,"Z",0,"Z",0,"Z",0,"Z",0,"Z",0,"Z",0,"Z",0,"Z",0,"Z",0,"Z",0,"Z",0
152099,"50.0101",1,05, 2,"R",0,"R",0,"Z",0,"Z",0,"Z",0,"Z",0,"Z",0,"Z",0,"Z",0,"Z",0,"Z",0,"Z",0,"Z",0,"Z",0,"Z",0,"R",0,"R",0,"Z",0,"Z",0,"Z",0,"Z",0,"Z",0,"Z",0,"Z",0,"Z",0,"Z",0,"Z",0,"Z",0,"Z",0,"Z",0
152381,"50.0102",1,05, 1,"R",5,"R",0,"R",5,"R",0,"R",0,"R",0,"R",0,"R",0,"R",0,"R",0,"R",0,"R",0,"R",0,"R",0,"R",0,"R",0,"R",0,"R",0,"R",4,"R",0,"R",4,"R",0,"R",0,"R",0,"R",1,"R",0,"R",1,"R",0,"R",0,"R",0
152381,"50.0102",2,05, 1,"R",1,"R",0,"R",1,"R",0,"R",0,"R",0,"R",0,"R",0,"R",0,"R",0,"R",0,"R",0,"R",0,"R",0,"R",0,"R",0,"R",0,"R",0,"R",1,"R",0,"R",1,"R",0,"R",0,"R",0,"R",0,"R",0,"R",0,"R",0,"R",0,"R",0
153603,"50.0101",1,05, 2,"R",13,"R",6,"R",7,"R",0,"R",0,"R",0,"R",0,"R",0,"R",0,"R",1,"R",1,"R",0,"R",0,"R",0,"R",0,"R",0,"R",0,"R",0,"R",10,"R",3,"R",7,"R",0,"R",0,"R",0,"R",2,"R",2,"R",0,"R",0,"R",0,"R",0
153603,"50.0101",1,07, 2,"R",3,"R",2,"R",1,"R",0,"R",0,"R",0,"R",0,"R",0,"R",0,"R",0,"R",0,"R",0,"R",0,"R",0,"R",0,"R",0,"R",0,"R",0,"R",3,"R",2,"R",1,"R",0,"R",0,"R",0,"R",0,"R",0,"R",0,"R",0,"R",0,"R",0
154022,"50.0101",1,05, 2,"R",1,"R",1,"R",0,"R",0,"R",0,"R",0,"R",0,"R",0,"R",0,"R",0,"R",0,"R",0,"R",0,"R",0,"R",0,"R",0,"R",0,"R",0,"R",1,"R",1,"R",0,"R",0,"R",0,"R",0,"R",0,"R",0,"R",0,"R",0,"R",0,"R",0
154642,"50.0101",1,03, 1,"R",8,"R",1,"R",7,"Z",0,"Z",0,"Z",0,"Z",0,"Z",0,"Z",0,"Z",0,"Z",0,"Z",0,"R",1,"Z",0,"R",1,"Z",0,"Z",0,"Z",0,"R",7,"R",1,"R",6,"Z",0,"Z",0,"Z",0,"Z",0,"Z",0,"Z",0,"Z",0,"Z",0,"Z",0
154697,"50.0101",1,03, 2,"R",0,"R",0,"Z",0,"Z",0,"Z",0,"Z",0,"Z",0,"Z",0,"Z",0,"Z",0,"Z",0,"Z",0,"Z",0,"Z",0,"Z",0,"Z",0,"Z",0,"Z",0,"Z",0,"Z",0,"Z",0,"Z",0,"Z",0,"Z",0,"Z",0,"Z",0,"Z",0,"R",0,"R",0,"Z",0
154800,"50.0101",1,03, 2,"R",9,"R",2,"R",7,"Z",0,"Z",0,"Z",0,"Z",0,"Z",0,"Z",0,"Z",0,"Z",0,"Z",0,"R",2,"Z",0,"R",2,"Z",0,"Z",0,"Z",0,"R",7,"R",2,"R",5,"Z",0,"Z",0,"Z",0,"Z",0,"Z",0,"Z",0,"Z",0,"Z",0,"Z",0
155104,"50.0101",1,03, 2,"R",9,"R",2,"R",7,"Z",0,"Z",0,"Z",0,"Z",0,"Z",0,"Z",0,"R",2,"Z",0,"R",2,"R",2,"R",1,"R",1,"Z",0,"Z",0,"Z",0,"R",5,"R",1,"R",4,"Z",0,"Z",0,"Z",0,"Z",0,"Z",0,"Z",0,"Z",0,"Z",0,"Z",0
155195,"50.0101",1,03, 2,"R",3,"R",1,"R",2,"Z",0,"Z",0,"Z",0,"Z",0,"Z",0,"Z",0,"Z",0,"Z",0,"Z",0,"Z",0,"Z",0,"Z",0,"Z",0,"Z",0,"Z",0,"R",3,"R",1,"R",2,"Z",0,"Z",0,"Z",0,"Z",0,"Z",0,"Z",0,"Z",0,"Z",0,"Z",0
155414,"50.0101",1,05, 2,"R",2,"R",1,"R",1,"Z",0,"Z",0,"Z",0,"Z",0,"Z",0,"Z",0,"Z",0,"Z",0,"Z",0,"Z",0,"Z",0,"Z",0,"Z",0,"Z",0,"Z",0,"R",2,"R",1,"R",1,"Z",0,"Z",0,"Z",0,"Z",0,"Z",0,"Z",0,"Z",0,"Z",0,"Z",0
155900,"50.0102",1,05, 2,"R",2,"Z",0,"R",2,"Z",0,"Z",0,"Z",0,"Z",0,"Z",0,"Z",0,"Z",0,"Z",0,"Z",0,"Z",0,"Z",0,"Z",0,"Z",0,"Z",0,"Z",0,"R",2,"Z",0,"R",2,"Z",0,"Z",0,"Z",0,"Z",0,"Z",0,"Z",0,"Z",0,"Z",0,"Z",0
155900,"50.0102",2,05, 2,"R",1,"R",1,"Z",0,"Z",0,"Z",0,"Z",0,"Z",0,"Z",0,"Z",0,"Z",0,"Z",0,"Z",0,"Z",0,"Z",0,"Z",0,"Z",0,"Z",0,"Z",0,"R",1,"R",1,"Z",0,"Z",0,"Z",0,"Z",0,"Z",0,"Z",0,"Z",0,"Z",0,"Z",0,"Z",0
156125,"50.0101",1,05, 2,"R",10,"R",5,"R",5,"Z",0,"Z",0,"Z",0,"Z",0,"Z",0,"Z",0,"Z",0,"Z",0,"Z",0,"Z",0,"Z",0,"Z",0,"Z",0,"Z",0,"Z",0,"R",9,"R",5,"R",4,"Z",0,"Z",0,"Z",0,"R",1,"Z",0,"R",1,"Z",0,"Z",0,"Z",0
157632,"50.0101",1,05, 2,"R",1,"R",1,"R",0,"R",0,"R",0,"R",0,"R",0,"R",0,"R",0,"R",0,"R",0,"R",0,"R",0,"R",0,"R",0,"R",0,"R",0,"R",0,"R",1,"R",1,"R",0,"R",0,"R",0,"R",0,"R",0,"R",0,"R",0,"R",0,"R",0,"R",0
160658,"50.0101",1,05, 2,"R",8,"R",3,"R",5,"R",0,"R",0,"R",0,"R",1,"R",1,"R",0,"R",3,"R",1,"R",2,"R",0,"R",0,"R",0,"R",0,"R",0,"R",0,"R",4,"R",1,"R",3,"R",0,"R",0,"R",0,"R",0,"R",0,"R",0,"R",0,"R",0,"R",0
162706,"50.0101",1,03, 2,"R",5,"R",1,"R",4,"R",0,"R",0,"R",0,"R",0,"R",0,"R",0,"R",1,"R",1,"R",0,"R",0,"R",0,"R",0,"R",0,"R",0,"R",0,"R",4,"R",0,"R",4,"R",0,"R",0,"R",0,"R",0,"R",0,"R",0,"R",0,"R",0,"R",0
163268,"50.0101",1,05, 2,"R",1,"R",0,"R",1,"R",0,"R",0,"R",0,"R",0,"R",0,"R",0,"R",0,"R",0,"R",0,"R",0,"R",0,"R",0,"R",0,"R",0,"R",0,"R",1,"R",0,"R",1,"R",0,"R",0,"R",0,"R",0,"R",0,"R",0,"R",0,"R",0,"R",0
164562,"50.0101",1,05, 2,"R",1,"Z",0,"R",1,"Z",0,"Z",0,"Z",0,"Z",0,"Z",0,"Z",0,"Z",0,"Z",0,"Z",0,"Z",0,"Z",0,"Z",0,"Z",0,"Z",0,"Z",0,"R",1,"Z",0,"R",1,"Z",0,"Z",0,"Z",0,"Z",0,"Z",0,"Z",0,"Z",0,"Z",0,"Z",0
164562,"50.0101",2,05, 2,"R",2,"R",2,"Z",0,"Z",0,"Z",0,"Z",0,"Z",0,"Z",0,"Z",0,"Z",0,"Z",0,"Z",0,"Z",0,"Z",0,"Z",0,"Z",0,"Z",0,"Z",0,"R",2,"R",2,"Z",0,"Z",0,"Z",0,"Z",0,"Z",0,"Z",0,"Z",0,"Z",0,"Z",0,"Z",0
164775,"50.0101",1,03, 2,"R",6,"R",2,"R",4,"R",0,"R",0,"R",0,"R",0,"R",0,"R",0,"R",0,"R",0,"R",0,"R",0,"R",0,"R",0,"R",0,"R",0,"R",0,"R",6,"R",2,"R",4,"R",0,"R",0,"R",0,"R",0,"R",0,"R",0,"R",0,"R",0,"R",0
164988,"50.0101",1,05, 2,"R",0,"R",0,"R",0,"R",0,"R",0,"R",0,"R",0,"R",0,"R",0,"R",0,"R",0,"R",0,"R",0,"R",0,"R",0,"R",0,"R",0,"R",0,"R",0,"R",0,"R",0,"R",0,"R",0,"R",0,"R",0,"R",0,"R",0,"R",0,"R",0,"R",0
165574,"50.0101",1,03, 2,"R",4,"R",3,"R",1,"R",0,"R",0,"R",0,"R",0,"R",0,"R",0,"R",0,"R",0,"R",0,"R",0,"R",0,"R",0,"R",0,"R",0,"R",0,"R",3,"R",2,"R",1,"R",0,"R",0,"R",0,"R",0,"R",0,"R",0,"R",1,"R",1,"R",0
165574,"50.0101",1,05, 2,"R",0,"R",0,"R",0,"R",0,"R",0,"R",0,"R",0,"R",0,"R",0,"R",0,"R",0,"R",0,"R",0,"R",0,"R",0,"R",0,"R",0,"R",0,"R",0,"R",0,"R",0,"R",0,"R",0,"R",0,"R",0,"R",0,"R",0,"R",0,"R",0,"R",0
166027,"50.0101",1,05, 2,"R",28,"R",14,"R",14,"R",1,"R",1,"Z",0,"R",5,"Z",0,"R",5,"R",1,"Z",0,"R",1,"R",2,"R",2,"Z",0,"Z",0,"Z",0,"Z",0,"R",13,"R",8,"R",5,"R",2,"R",1,"R",1,"R",4,"R",2,"R",2,"Z",0,"Z",0,"Z",0
166124,"50.0101",1,05, 2,"R",18,"R",5,"R",13,"Z",0,"Z",0,"Z",0,"R",1,"Z",0,"R",1,"R",2,"R",1,"R",1,"Z",0,"Z",0,"Z",0,"Z",0,"Z",0,"Z",0,"R",10,"R",3,"R",7,"Z",0,"Z",0,"Z",0,"R",4,"R",1,"R",3,"R",1,"Z",0,"R",1
166124,"50.0101",2,05, 2,"R",3,"Z",0,"R",3,"Z",0,"Z",0,"Z",0,"Z",0,"Z",0,"Z",0,"Z",0,"Z",0,"Z",0,"Z",0,"Z",0,"Z",0,"Z",0,"Z",0,"Z",0,"R",3,"Z",0,"R",3,"Z",0,"Z",0,"Z",0,"Z",0,"Z",0,"Z",0,"Z",0,"Z",0,"Z",0
166850,"50.0102",1,05, 2,"R",3,"R",1,"R",2,"R",0,"R",0,"R",0,"R",0,"R",0,"R",0,"R",0,"R",0,"R",0,"R",0,"R",0,"R",0,"R",0,"R",0,"R",0,"R",2,"R",1,"R",1,"R",0,"R",0,"R",0,"R",0,"R",0,"R",0,"R",1,"R",0,"R",1
166911,"50.0102",1,04, 2,"R",0,"R",0,"R",0,"Z",0,"Z",0,"Z",0,"Z",0,"Z",0,"Z",0,"Z",0,"Z",0,"Z",0,"Z",0,"Z",0,"Z",0,"Z",0,"Z",0,"Z",0,"Z",0,"Z",0,"Z",0,"Z",0,"Z",0,"Z",0,"Z",0,"Z",0,"Z",0,"R",0,"R",0,"R",0
166911,"50.0102",1,05, 2,"R",3,"R",2,"R",1,"Z",0,"Z",0,"Z",0,"Z",0,"Z",0,"Z",0,"Z",0,"Z",0,"Z",0,"R",1,"Z",0,"R",1,"Z",0,"Z",0,"Z",0,"R",1,"R",1,"Z",0,"Z",0,"Z",0,"Z",0,"R",1,"R",1,"Z",0,"Z",0,"Z",0,"Z",0
166911,"50.0102",2,05, 2,"R",0,"R",0,"R",0,"Z",0,"Z",0,"Z",0,"Z",0,"Z",0,"Z",0,"Z",0,"Z",0,"Z",0,"Z",0,"Z",0,"Z",0,"Z",0,"Z",0,"Z",0,"Z",0,"Z",0,"Z",0,"Z",0,"Z",0,"Z",0,"Z",0,"Z",0,"Z",0,"R",0,"R",0,"R",0
167288,"50.0101",1,05, 2,"R",15,"R",8,"R",7,"R",1,"R",1,"Z",0,"Z",0,"Z",0,"Z",0,"Z",0,"Z",0,"Z",0,"R",1,"Z",0,"R",1,"Z",0,"Z",0,"Z",0,"R",10,"R",6,"R",4,"Z",0,"Z",0,"Z",0,"R",3,"R",1,"R",2,"Z",0,"Z",0,"Z",0
167792,"50.0101",1,05, 2,"R",0,"R",0,"Z",0,"Z",0,"Z",0,"Z",0,"Z",0,"Z",0,"Z",0,"Z",0,"Z",0,"Z",0,"Z",0,"Z",0,"Z",0,"Z",0,"Z",0,"Z",0,"Z",0,"Z",0,"Z",0,"Z",0,"Z",0,"Z",0,"Z",0,"Z",0,"Z",0,"R",0,"R",0,"Z",0
167792,"50.0101",2,05, 2,"R",0,"R",0,"Z",0,"Z",0,"Z",0,"Z",0,"Z",0,"Z",0,"Z",0,"Z",0,"Z",0,"Z",0,"Z",0,"Z",0,"Z",0,"Z",0,"Z",0,"Z",0,"Z",0,"Z",0,"Z",0,"Z",0,"Z",0,"Z",0,"Z",0,"Z",0,"Z",0,"R",0,"R",0,"Z",0
167987,"50.0102",1,05, 2,"R",15,"R",10,"R",5,"Z",0,"Z",0,"Z",0,"Z",0,"Z",0,"Z",0,"Z",0,"Z",0,"Z",0,"Z",0,"Z",0,"Z",0,"Z",0,"Z",0,"Z",0,"R",14,"R",9,"R",5,"R",1,"R",1,"Z",0,"Z",0,"Z",0,"Z",0,"Z",0,"Z",0,"Z",0
167987,"50.0102",2,05, 2,"R",7,"R",2,"R",5,"Z",0,"Z",0,"Z",0,"Z",0,"Z",0,"Z",0,"Z",0,"Z",0,"Z",0,"R",1,"Z",0,"R",1,"Z",0,"Z",0,"Z",0,"R",6,"R",2,"R",4,"Z",0,"Z",0,"Z",0,"Z",0,"Z",0,"Z",0,"Z",0,"Z",0,"Z",0
167996,"50.0101",1,05, 2,"R",2,"Z",0,"R",2,"Z",0,"Z",0,"Z",0,"Z",0,"Z",0,"Z",0,"Z",0,"Z",0,"Z",0,"Z",0,"Z",0,"Z",0,"Z",0,"Z",0,"Z",0,"R",2,"Z",0,"R",2,"Z",0,"Z",0,"Z",0,"Z",0,"Z",0,"Z",0,"Z",0,"Z",0,"Z",0
167996,"50.0101",2,05, 2,"R",6,"R",1,"R",5,"Z",0,"Z",0,"Z",0,"Z",0,"Z",0,"Z",0,"Z",0,"Z",0,"Z",0,"Z",0,"Z",0,"Z",0,"Z",0,"Z",0,"Z",0,"R",6,"R",1,"R",5,"Z",0,"Z",0,"Z",0,"Z",0,"Z",0,"Z",0,"Z",0,"Z",0,"Z",0
168005,"50.0101",1,05, 2,"R",0,"R",0,"Z",0,"Z",0,"Z",0,"Z",0,"Z",0,"Z",0,"Z",0,"Z",0,"Z",0,"Z",0,"Z",0,"Z",0,"Z",0,"Z",0,"Z",0,"Z",0,"Z",0,"Z",0,"Z",0,"Z",0,"Z",0,"Z",0,"R",0,"R",0,"Z",0,"Z",0,"Z",0,"Z",0
168290,"50.0101",1,05, 2,"R",6,"Z",0,"R",6,"Z",0,"Z",0,"Z",0,"Z",0,"Z",0,"Z",0,"Z",0,"Z",0,"Z",0,"Z",0,"Z",0,"Z",0,"Z",0,"Z",0,"Z",0,"R",5,"Z",0,"R",5,"Z",0,"Z",0,"Z",0,"R",1,"Z",0,"R",1,"Z",0,"Z",0,"Z",0
168290,"50.0101",2,05, 2,"R",7,"Z",0,"R",7,"Z",0,"Z",0,"Z",0,"Z",0,"Z",0,"Z",0,"R",1,"Z",0,"R",1,"Z",0,"Z",0,"Z",0,"Z",0,"Z",0,"Z",0,"R",6,"Z",0,"R",6,"Z",0,"Z",0,"Z",0,"Z",0,"Z",0,"Z",0,"Z",0,"Z",0,"Z",0
168430,"50.0101",1,05, 2,"R",7,"R",1,"R",6,"R",0,"R",0,"R",0,"R",0,"R",0,"R",0,"R",0,"R",0,"R",0,"R",0,"R",0,"R",0,"R",0,"R",0,"R",0,"R",7,"R",1,"R",6,"R",0,"R",0,"R",0,"R",0,"R",0,"R",0,"R",0,"R",0,"R",0
168607,"50.0101",1,03, 2,"R",6,"R",1,"R",5,"R",0,"R",0,"R",0,"R",0,"R",0,"R",0,"R",0,"R",0,"R",0,"R",0,"R",0,"R",0,"R",0,"R",0,"R",0,"R",6,"R",1,"R",5,"R",0,"R",0,"R",0,"R",0,"R",0,"R",0,"R",0,"R",0,"R",0
168740,"50.0101",1,05, 2,"R",3,"R",2,"R",1,"Z",0,"Z",0,"Z",0,"Z",0,"Z",0,"Z",0,"R",1,"Z",0,"R",1,"Z",0,"Z",0,"Z",0,"Z",0,"Z",0,"Z",0,"R",1,"R",1,"Z",0,"R",1,"R",1,"Z",0,"Z",0,"Z",0,"Z",0,"Z",0,"Z",0,"Z",0
169992,"50.0102",1,03, 2,"R",0,"R",0,"R",0,"R",0,"R",0,"R",0,"R",0,"R",0,"R",0,"R",0,"R",0,"R",0,"R",0,"R",0,"R",0,"R",0,"R",0,"R",0,"R",0,"R",0,"R",0,"R",0,"R",0,"R",0,"R",0,"R",0,"R",0,"R",0,"R",0,"R",0
171128,"50.0101",1,05, 2,"R",1,"R",1,"Z",0,"Z",0,"Z",0,"Z",0,"Z",0,"Z",0,"Z",0,"Z",0,"Z",0,"Z",0,"Z",0,"Z",0,"Z",0,"Z",0,"Z",0,"Z",0,"R",1,"R",1,"Z",0,"Z",0,"Z",0,"Z",0,"Z",0,"Z",0,"Z",0,"Z",0,"Z",0,"Z",0
171155,"50.0101",1,03, 2,"R",7,"R",1,"R",6,"R",0,"R",0,"R",0,"R",0,"R",0,"R",0,"R",0,"R",0,"R",0,"R",0,"R",0,"R",0,"R",0,"R",0,"R",0,"R",7,"R",1,"R",6,"R",0,"R",0,"R",0,"R",0,"R",0,"R",0,"R",0,"R",0,"R",0
171395,"50.0101",1,02, 2,"R",0,"R",0,"R",0,"R",0,"R",0,"R",0,"R",0,"R",0,"R",0,"R",0,"R",0,"R",0,"R",0,"R",0,"R",0,"R",0,"R",0,"R",0,"R",0,"R",0,"R",0,"R",0,"R",0,"R",0,"R",0,"R",0,"R",0,"R",0,"R",0,"R",0
171571,"50.0101",1,05, 2,"R",0,"R",0,"Z",0,"Z",0,"Z",0,"Z",0,"Z",0,"Z",0,"Z",0,"Z",0,"Z",0,"Z",0,"Z",0,"Z",0,"Z",0,"Z",0,"Z",0,"Z",0,"Z",0,"Z",0,"Z",0,"Z",0,"Z",0,"Z",0,"Z",0,"Z",0,"Z",0,"R",0,"R",0,"Z",0
171571,"50.0101",2,05, 2,"R",0,"R",0,"Z",0,"Z",0,"Z",0,"Z",0,"Z",0,"Z",0,"Z",0,"Z",0,"Z",0,"Z",0,"Z",0,"Z",0,"Z",0,"Z",0,"Z",0,"Z",0,"Z",0,"Z",0,"Z",0,"Z",0,"Z",0,"Z",0,"Z",0,"Z",0,"Z",0,"R",0,"R",0,"Z",0
172866,"50.0102",1,05, 2,"R",2,"R",2,"Z",0,"Z",0,"Z",0,"Z",0,"Z",0,"Z",0,"Z",0,"Z",0,"Z",0,"Z",0,"Z",0,"Z",0,"Z",0,"Z",0,"Z",0,"Z",0,"R",2,"R",2,"Z",0,"Z",0,"Z",0,"Z",0,"Z",0,"Z",0,"Z",0,"Z",0,"Z",0,"Z",0
173142,"50.0102",1,05, 2,"R",4,"R",3,"R",1,"Z",0,"Z",0,"Z",0,"Z",0,"Z",0,"Z",0,"Z",0,"Z",0,"Z",0,"R",1,"R",1,"Z",0,"Z",0,"Z",0,"Z",0,"R",3,"R",2,"R",1,"Z",0,"Z",0,"Z",0,"Z",0,"Z",0,"Z",0,"R",0,"R",0,"Z",0
173142,"50.0102",2,05, 2,"R",0,"R",0,"R",0,"Z",0,"Z",0,"Z",0,"Z",0,"Z",0,"Z",0,"Z",0,"Z",0,"Z",0,"Z",0,"Z",0,"Z",0,"Z",0,"Z",0,"Z",0,"Z",0,"Z",0,"Z",0,"Z",0,"Z",0,"Z",0,"Z",0,"Z",0,"Z",0,"R",0,"R",0,"R",0
173300,"50.0101",1,05, 2,"R",0,"R",0,"R",0,"R",0,"R",0,"R",0,"R",0,"R",0,"R",0,"R",0,"R",0,"R",0,"R",0,"R",0,"R",0,"R",0,"R",0,"R",0,"R",0,"R",0,"R",0,"R",0,"R",0,"R",0,"R",0,"R",0,"R",0,"R",0,"R",0,"R",0
173300,"50.0101",2,05, 2,"R",0,"R",0,"R",0,"R",0,"R",0,"R",0,"R",0,"R",0,"R",0,"R",0,"R",0,"R",0,"R",0,"R",0,"R",0,"R",0,"R",0,"R",0,"R",0,"R",0,"R",0,"R",0,"R",0,"R",0,"R",0,"R",0,"R",0,"R",0,"R",0,"R",0
174491,"50.0102",1,05, 2,"R",0,"R",0,"R",0,"Z",0,"Z",0,"Z",0,"Z",0,"Z",0,"Z",0,"Z",0,"Z",0,"Z",0,"Z",0,"Z",0,"Z",0,"Z",0,"Z",0,"Z",0,"R",0,"R",0,"R",0,"Z",0,"Z",0,"Z",0,"Z",0,"Z",0,"Z",0,"Z",0,"Z",0,"Z",0
174738,"50.0102",1,01, 2,"R",2,"R",1,"R",1,"R",0,"R",0,"R",0,"R",0,"R",0,"R",0,"R",0,"R",0,"R",0,"R",0,"R",0,"R",0,"R",0,"R",0,"R",0,"R",2,"R",1,"R",1,"R",0,"R",0,"R",0,"R",0,"R",0,"R",0,"R",0,"R",0,"R",0
175041,"50.0102",1,03, 2,"R",6,"R",6,"R",0,"R",0,"R",0,"R",0,"R",1,"R",1,"R",0,"R",0,"R",0,"R",0,"R",2,"R",2,"R",0,"R",0,"R",0,"R",0,"R",3,"R",3,"R",0,"R",0,"R",0,"R",0,"R",0,"R",0,"R",0,"R",0,"R",0,"R",0
175041,"50.0102",2,03, 2,"R",1,"R",0,"R",1,"R",0,"R",0,"R",0,"R",1,"R",0,"R",1,"R",0,"R",0,"R",0,"R",0,"R",0,"R",0,"R",0,"R",0,"R",0,"R",0,"R",0,"R",0,"R",0,"R",0,"R",0,"R",0,"R",0,"R",0,"R",0,"R",0,"R",0
175430,"50.0101",1,05, 2,"R",2,"R",1,"R",1,"Z",0,"Z",0,"Z",0,"Z",0,"Z",0,"Z",0,"Z",0,"Z",0,"Z",0,"Z",0,"Z",0,"Z",0,"Z",0,"Z",0,"Z",0,"R",2,"R",1,"R",1,"Z",0,"Z",0,"Z",0,"Z",0,"Z",0,"Z",0,"Z",0,"Z",0,"Z",0
175519,"50.0101",1,03, 2,"R",4,"R",3,"R",1,"Z",0,"Z",0,"Z",0,"Z",0,"Z",0,"Z",0,"R",2,"R",1,"R",1,"R",2,"R",2,"Z",0,"Z",0,"Z",0,"Z",0,"Z",0,"Z",0,"Z",0,"Z",0,"Z",0,"Z",0,"Z",0,"Z",0,"Z",0,"Z",0,"Z",0,"Z",0
175616,"50.0101",1,05, 2,"R",22,"R",9,"R",13,"R",0,"R",0,"R",0,"R",1,"R",1,"R",0,"R",5,"R",4,"R",1,"R",1,"R",0,"R",1,"R",0,"R",0,"R",0,"R",15,"R",4,"R",11,"R",0,"R",0,"R",0,"R",0,"R",0,"R",0,"R",0,"R",0,"R",0
175652,"50.0101",1,03, 1,"R",2,"R",2,"Z",0,"Z",0,"Z",0,"Z",0,"Z",0,"Z",0,"Z",0,"R",1,"R",1,"Z",0,"Z",0,"Z",0,"Z",0,"Z",0,"Z",0,"Z",0,"R",1,"R",1,"Z",0,"Z",0,"Z",0,"Z",0,"Z",0,"Z",0,"Z",0,"Z",0,"Z",0,"Z",0
175856,"50.0101",1,05, 2,"R",13,"R",3,"R",10,"R",0,"R",0,"R",0,"R",0,"R",0,"R",0,"R",13,"R",3,"R",10,"R",0,"R",0,"R",0,"R",0,"R",0,"R",0,"R",0,"R",0,"R",0,"R",0,"R",0,"R",0,"R",0,"R",0,"R",0,"R",0,"R",0,"R",0
176035,"50.0101",1,05, 2,"R",9,"R",4,"R",5,"Z",0,"Z",0,"Z",0,"Z",0,"Z",0,"Z",0,"R",2,"R",2,"Z",0,"R",1,"Z",0,"R",1,"Z",0,"Z",0,"Z",0,"R",6,"R",2,"R",4,"Z",0,"Z",0,"Z",0,"Z",0,"Z",0,"Z",0,"Z",0,"Z",0,"Z",0
176044,"50.0101",1,05, 2,"R",1,"R",1,"Z",0,"Z",0,"Z",0,"Z",0,"Z",0,"Z",0,"Z",0,"R",1,"R",1,"Z",0,"Z",0,"Z",0,"Z",0,"Z",0,"Z",0,"Z",0,"Z",0,"Z",0,"Z",0,"Z",0,"Z",0,"Z",0,"Z",0,"Z",0,"Z",0,"Z",0,"Z",0,"Z",0
176080,"50.0101",1,05, 2,"R",70,"R",28,"R",42,"R",0,"R",0,"R",0,"R",2,"R",1,"R",1,"R",11,"R",5,"R",6,"R",1,"R",0,"R",1,"R",0,"R",0,"R",0,"R",54,"R",22,"R",32,"R",0,"R",0,"R",0,"R",2,"R",0,"R",2,"R",0,"R",0,"R",0
176372,"50.0101",1,05, 2,"R",26,"R",11,"R",15,"Z",0,"Z",0,"Z",0,"Z",0,"Z",0,"Z",0,"R",1,"R",1,"Z",0,"R",1,"Z",0,"R",1,"Z",0,"Z",0,"Z",0,"R",24,"R",10,"R",14,"Z",0,"Z",0,"Z",0,"Z",0,"Z",0,"Z",0,"Z",0,"Z",0,"Z",0
177746,"50.0102",1,01, 2,"R",5,"R",3,"R",2,"R",1,"Z",0,"R",1,"Z",0,"Z",0,"Z",0,"Z",0,"Z",0,"Z",0,"Z",0,"Z",0,"Z",0,"Z",0,"Z",0,"Z",0,"R",4,"R",3,"R",1,"Z",0,"Z",0,"Z",0,"Z",0,"Z",0,"Z",0,"Z",0,"Z",0,"Z",0
177968,"50.0101",1,05, 2,"R",0,"R",0,"Z",0,"Z",0,"Z",0,"Z",0,"Z",0,"Z",0,"Z",0,"Z",0,"Z",0,"Z",0,"Z",0,"Z",0,"Z",0,"Z",0,"Z",0,"Z",0,"Z",0,"Z",0,"Z",0,"Z",0,"Z",0,"Z",0,"Z",0,"Z",0,"Z",0,"R",0,"R",0,"Z",0
177968,"50.0101",2,05, 2,"R",0,"R",0,"Z",0,"Z",0,"Z",0,"Z",0,"Z",0,"Z",0,"Z",0,"Z",0,"Z",0,"Z",0,"Z",0,"Z",0,"Z",0,"Z",0,"Z",0,"Z",0,"Z",0,"Z",0,"Z",0,"Z",0,"Z",0,"Z",0,"Z",0,"Z",0,"Z",0,"R",0,"R",0,"Z",0
179308,"50.0102",1,01, 2,"R",7,"R",5,"R",2,"Z",0,"Z",0,"Z",0,"Z",0,"Z",0,"Z",0,"R",1,"R",1,"Z",0,"Z",0,"Z",0,"Z",0,"Z",0,"Z",0,"Z",0,"R",3,"R",3,"Z",0,"R",1,"Z",0,"R",1,"R",2,"R",1,"R",1,"Z",0,"Z",0,"Z",0
179308,"50.0102",1,02, 2,"R",1,"Z",0,"R",1,"Z",0,"Z",0,"Z",0,"Z",0,"Z",0,"Z",0,"Z",0,"Z",0,"Z",0,"Z",0,"Z",0,"Z",0,"Z",0,"Z",0,"Z",0,"R",1,"Z",0,"R",1,"Z",0,"Z",0,"Z",0,"Z",0,"Z",0,"Z",0,"Z",0,"Z",0,"Z",0
179557,"50.0101",1,05, 2,"R",18,"R",8,"R",10,"R",0,"R",0,"R",0,"R",1,"R",1,"R",0,"R",2,"R",2,"R",0,"R",0,"R",0,"R",0,"R",0,"R",0,"R",0,"R",15,"R",5,"R",10,"R",0,"R",0,"R",0,"R",0,"R",0,"R",0,"R",0,"R",0,"R",0
179566,"50.0101",1,05, 2,"R",3,"R",1,"R",2,"Z",0,"Z",0,"Z",0,"Z",0,"Z",0,"Z",0,"Z",0,"Z",0,"Z",0,"Z",0,"Z",0,"Z",0,"R",1,"R",1,"Z",0,"R",2,"Z",0,"R",2,"Z",0,"Z",0,"Z",0,"Z",0,"Z",0,"Z",0,"Z",0,"Z",0,"Z",0
180106,"50.0101",1,05, 2,"R",1,"Z",0,"R",1,"Z",0,"Z",0,"Z",0,"Z",0,"Z",0,"Z",0,"Z",0,"Z",0,"Z",0,"Z",0,"Z",0,"Z",0,"Z",0,"Z",0,"Z",0,"R",1,"Z",0,"R",1,"Z",0,"Z",0,"Z",0,"Z",0,"Z",0,"Z",0,"Z",0,"Z",0,"Z",0
180489,"50.0101",1,05, 2,"R",5,"Z",0,"R",5,"Z",0,"Z",0,"Z",0,"Z",0,"Z",0,"Z",0,"Z",0,"Z",0,"Z",0,"Z",0,"Z",0,"Z",0,"Z",0,"Z",0,"Z",0,"R",4,"Z",0,"R",4,"R",1,"Z",0,"R",1,"Z",0,"Z",0,"Z",0,"Z",0,"Z",0,"Z",0
180489,"50.0101",1,07, 2,"R",8,"R",3,"R",5,"Z",0,"Z",0,"Z",0,"Z",0,"Z",0,"Z",0,"Z",0,"Z",0,"Z",0,"Z",0,"Z",0,"Z",0,"Z",0,"Z",0,"Z",0,"R",8,"R",3,"R",5,"Z",0,"Z",0,"Z",0,"Z",0,"Z",0,"Z",0,"Z",0,"Z",0,"Z",0
181330,"50.0102",1,05, 2,"R",2,"R",1,"R",1,"Z",0,"Z",0,"Z",0,"Z",0,"Z",0,"Z",0,"Z",0,"Z",0,"Z",0,"Z",0,"Z",0,"Z",0,"Z",0,"Z",0,"Z",0,"R",2,"R",1,"R",1,"Z",0,"Z",0,"Z",0,"Z",0,"Z",0,"Z",0,"Z",0,"Z",0,"Z",0
181738,"50.0101",1,03, 2,"R",0,"R",0,"Z",0,"Z",0,"Z",0,"Z",0,"Z",0,"Z",0,"Z",0,"Z",0,"Z",0,"Z",0,"Z",0,"Z",0,"Z",0,"Z",0,"Z",0,"Z",0,"Z",0,"Z",0,"Z",0,"Z",0,"Z",0,"Z",0,"Z",0,"Z",0,"Z",0,"R",0,"R",0,"Z",0
181738,"50.0101",2,03, 2,"R",0,"R",0,"Z",0,"Z",0,"Z",0,"Z",0,"Z",0,"Z",0,"Z",0,"Z",0,"Z",0,"Z",0,"Z",0,"Z",0,"Z",0,"Z",0,"Z",0,"Z",0,"Z",0,"Z",0,"Z",0,"Z",0,"Z",0,"Z",0,"Z",0,"Z",0,"Z",0,"R",0,"R",0,"Z",0
183099,"50.0101",1,03, 2,"R",6,"R",3,"R",3,"Z",0,"Z",0,"Z",0,"R",1,"R",1,"Z",0,"Z",0,"Z",0,"Z",0,"R",1,"Z",0,"R",1,"Z",0,"Z",0,"Z",0,"R",4,"R",2,"R",2,"Z",0,"Z",0,"Z",0,"Z",0,"Z",0,"Z",0,"Z",0,"Z",0,"Z",0
183822,"50.0101",1,05, 2,"R",45,"R",37,"R",8,"R",0,"R",0,"R",0,"R",1,"R",1,"R",0,"R",16,"R",11,"R",5,"R",8,"R",7,"R",1,"R",0,"R",0,"R",0,"R",15,"R",14,"R",1,"R",0,"R",0,"R",0,"R",4,"R",3,"R",1,"R",1,"R",1,"R",0
184603,"50.0101",1,05, 2,"R",7,"R",1,"R",6,"R",0,"R",0,"R",0,"R",1,"R",0,"R",1,"R",2,"R",0,"R",2,"R",0,"R",0,"R",0,"R",0,"R",0,"R",0,"R",2,"R",1,"R",1,"R",0,"R",0,"R",0,"R",2,"R",0,"R",2,"R",0,"R",0,"R",0
184694,"50.0101",1,05, 2,"R",19,"R",5,"R",14,"R",0,"R",0,"R",0,"R",0,"R",0,"R",0,"R",1,"R",0,"R",1,"R",1,"R",0,"R",1,"R",0,"R",0,"R",0,"R",14,"R",5,"R",9,"R",0,"R",0,"R",0,"R",3,"R",0,"R",3,"R",0,"R",0,"R",0
185509,"50.0101",1,02, 2,"R",3,"R",3,"R",0,"R",0,"R",0,"R",0,"R",0,"R",0,"R",0,"R",0,"R",0,"R",0,"R",0,"R",0,"R",0,"R",0,"R",0,"R",0,"R",3,"R",3,"R",0,"R",0,"R",0,"R",0,"R",0,"R",0,"R",0,"R",0,"R",0,"R",0
185509,"50.0101",1,03, 2,"R",31,"R",15,"R",16,"R",0,"R",0,"R",0,"R",0,"R",0,"R",0,"R",2,"R",1,"R",1,"R",4,"R",1,"R",3,"R",0,"R",0,"R",0,"R",19,"R",9,"R",10,"R",1,"R",1,"R",0,"R",3,"R",2,"R",1,"R",2,"R",1,"R",1
185536,"50.0101",1,03, 2,"R",19,"R",7,"R",12,"R",0,"R",0,"R",0,"R",1,"R",0,"R",1,"R",1,"R",0,"R",1,"R",3,"R",2,"R",1,"R",0,"R",0,"R",0,"R",14,"R",5,"R",9,"R",0,"R",0,"R",0,"R",0,"R",0,"R",0,"R",0,"R",0,"R",0
186201,"50.0101",1,05, 2,"R",18,"R",7,"R",11,"R",0,"R",0,"R",0,"R",0,"R",0,"R",0,"R",1,"R",1,"R",0,"R",2,"R",1,"R",1,"R",0,"R",0,"R",0,"R",13,"R",4,"R",9,"R",0,"R",0,"R",0,"R",2,"R",1,"R",1,"R",0,"R",0,"R",0
186584,"50.0101",1,05, 2,"R",2,"R",0,"R",2,"R",0,"R",0,"R",0,"R",0,"R",0,"R",0,"R",0,"R",0,"R",0,"R",0,"R",0,"R",0,"R",0,"R",0,"R",0,"R",2,"R",0,"R",2,"R",0,"R",0,"R",0,"R",0,"R",0,"R",0,"R",0,"R",0,"R",0
186584,"50.0101",2,05, 2,"R",2,"R",0,"R",2,"R",0,"R",0,"R",0,"R",0,"R",0,"R",0,"R",0,"R",0,"R",0,"R",0,"R",0,"R",0,"R",0,"R",0,"R",0,"R",1,"R",0,"R",1,"R",0,"R",0,"R",0,"R",1,"R",0,"R",1,"R",0,"R",0,"R",0
186876,"50.0101",1,05, 2,"R",27,"R",9,"R",18,"R",0,"R",0,"R",0,"R",0,"R",0,"R",0,"R",2,"R",1,"R",1,"R",0,"R",0,"R",0,"R",0,"R",0,"R",0,"R",24,"R",8,"R",16,"R",1,"R",0,"R",1,"R",0,"R",0,"R",0,"R",0,"R",0,"R",0
187444,"50.0101",1,07, 2,"R",8,"R",6,"R",2,"R",0,"R",0,"R",0,"R",0,"R",0,"R",0,"R",0,"R",0,"R",0,"R",0,"R",0,"R",0,"R",0,"R",0,"R",0,"R",7,"R",5,"R",2,"R",0,"R",0,"R",0,"R",1,"R",1,"R",0,"R",0,"R",0,"R",0
187745,"50.0102",1,03, 2,"R",1,"Z",0,"R",1,"R",1,"Z",0,"R",1,"Z",0,"Z",0,"Z",0,"Z",0,"Z",0,"Z",0,"Z",0,"Z",0,"Z",0,"Z",0,"Z",0,"Z",0,"Z",0,"Z",0,"Z",0,"Z",0,"Z",0,"Z",0,"Z",0,"Z",0,"Z",0,"Z",0,"Z",0,"Z",0
187745,"50.0102",1,05, 2,"R",6,"R",3,"R",3,"R",4,"R",2,"R",2,"Z",0,"Z",0,"Z",0,"Z",0,"Z",0,"Z",0,"R",1,"R",1,"Z",0,"Z",0,"Z",0,"Z",0,"R",1,"Z",0,"R",1,"Z",0,"Z",0,"Z",0,"Z",0,"Z",0,"Z",0,"Z",0,"Z",0,"Z",0
187985,"50.0102",1,05, 2,"R",5,"R",2,"R",3,"Z",0,"Z",0,"Z",0,"Z",0,"Z",0,"Z",0,"Z",0,"Z",0,"Z",0,"R",1,"R",1,"Z",0,"Z",0,"Z",0,"Z",0,"R",4,"R",1,"R",3,"Z",0,"Z",0,"Z",0,"Z",0,"Z",0,"Z",0,"Z",0,"Z",0,"Z",0
188030,"50.0101",1,05, 2,"R",51,"R",17,"R",34,"Z",0,"Z",0,"Z",0,"R",1,"R",0,"R",1,"Z",0,"Z",0,"Z",0,"R",20,"R",5,"R",15,"Z",0,"Z",0,"Z",0,"R",25,"R",10,"R",15,"Z",0,"Z",0,"Z",0,"R",4,"R",2,"R",2,"R",1,"R",0,"R",1
188030,"50.0101",1,07, 2,"R",0,"R",0,"Z",0,"Z",0,"Z",0,"Z",0,"Z",0,"Z",0,"Z",0,"Z",0,"Z",0,"Z",0,"Z",0,"Z",0,"Z",0,"Z",0,"Z",0,"Z",0,"Z",0,"Z",0,"Z",0,"Z",0,"Z",0,"Z",0,"Z",0,"Z",0,"Z",0,"R",0,"R",0,"Z",0
188058,"50.0101",1,03, 2,"R",0,"R",0,"R",0,"Z",0,"Z",0,"Z",0,"Z",0,"Z",0,"Z",0,"Z",0,"Z",0,"Z",0,"R",0,"R",0,"R",0,"Z",0,"Z",0,"Z",0,"Z",0,"Z",0,"Z",0,"Z",0,"Z",0,"Z",0,"Z",0,"Z",0,"Z",0,"Z",0,"Z",0,"Z",0
188304,"50.0101",1,05, 2,"R",0,"R",0,"R",0,"R",0,"R",0,"R",0,"R",0,"R",0,"R",0,"R",0,"R",0,"R",0,"R",0,"R",0,"R",0,"R",0,"R",0,"R",0,"R",0,"R",0,"R",0,"R",0,"R",0,"R",0,"R",0,"R",0,"R",0,"R",0,"R",0,"R",0
188304,"50.0101",2,05, 2,"R",1,"R",0,"R",1,"R",0,"R",0,"R",0,"R",0,"R",0,"R",0,"R",0,"R",0,"R",0,"R",1,"R",0,"R",1,"R",0,"R",0,"R",0,"R",0,"R",0,"R",0,"R",0,"R",0,"R",0,"R",0,"R",0,"R",0,"R",0,"R",0,"R",0
189097,"50.0101",1,05, 2,"R",0,"R",0,"R",0,"R",0,"R",0,"R",0,"R",0,"R",0,"R",0,"R",0,"R",0,"R",0,"R",0,"R",0,"R",0,"R",0,"R",0,"R",0,"R",0,"R",0,"R",0,"R",0,"R",0,"R",0,"R",0,"R",0,"R",0,"R",0,"R",0,"R",0
189547,"50.0101",1,03, 2,"R",5,"R",4,"R",1,"Z",0,"Z",0,"Z",0,"Z",0,"Z",0,"Z",0,"Z",0,"Z",0,"Z",0,"Z",0,"Z",0,"Z",0,"Z",0,"Z",0,"Z",0,"R",3,"R",3,"Z",0,"Z",0,"Z",0,"Z",0,"R",2,"R",1,"R",1,"Z",0,"Z",0,"Z",0
190008,"50.0101",1,04, 2,"R",32,"R",15,"R",17,"R",0,"R",0,"R",0,"R",0,"R",0,"R",0,"R",1,"R",0,"R",1,"R",2,"R",1,"R",1,"R",0,"R",0,"R",0,"R",20,"R",11,"R",9,"R",0,"R",0,"R",0,"R",0,"R",0,"R",0,"R",9,"R",3,"R",6
190521,"50.0101",1,03, 2,"R",37,"R",16,"R",21,"Z",0,"Z",0,"Z",0,"Z",0,"Z",0,"Z",0,"R",18,"R",9,"R",9,"R",9,"R",3,"R",6,"Z",0,"Z",0,"Z",0,"R",6,"R",2,"R",4,"Z",0,"Z",0,"Z",0,"Z",0,"Z",0,"Z",0,"R",4,"R",2,"R",2
190530,"50.0102",1,03, 2,"R",29,"R",15,"R",14,"Z",0,"Z",0,"Z",0,"Z",0,"Z",0,"Z",0,"R",3,"R",1,"R",2,"R",24,"R",14,"R",10,"Z",0,"Z",0,"Z",0,"R",1,"Z",0,"R",1,"R",1,"Z",0,"R",1,"Z",0,"Z",0,"Z",0,"Z",0,"Z",0,"Z",0
190549,"50.0101",1,07, 2,"R",6,"R",1,"R",5,"Z",0,"Z",0,"Z",0,"R",1,"Z",0,"R",1,"Z",0,"Z",0,"Z",0,"Z",0,"Z",0,"Z",0,"Z",0,"Z",0,"Z",0,"R",4,"R",1,"R",3,"Z",0,"Z",0,"Z",0,"Z",0,"Z",0,"Z",0,"R",1,"Z",0,"R",1
190619,"50.0101",1,03, 2,"R",12,"R",7,"R",5,"Z",0,"Z",0,"Z",0,"Z",0,"Z",0,"Z",0,"R",3,"R",1,"R",2,"R",3,"R",2,"R",1,"Z",0,"Z",0,"Z",0,"R",5,"R",3,"R",2,"Z",0,"Z",0,"Z",0,"Z",0,"Z",0,"Z",0,"R",1,"R",1,"Z",0
190628,"50.0102",1,02, 2,"R",1,"Z",0,"R",1,"Z",0,"Z",0,"Z",0,"Z",0,"Z",0,"Z",0,"Z",0,"Z",0,"Z",0,"Z",0,"Z",0,"Z",0,"Z",0,"Z",0,"Z",0,"Z",0,"Z",0,"Z",0,"Z",0,"Z",0,"Z",0,"Z",0,"Z",0,"Z",0,"R",1,"Z",0,"R",1
190673,"50.0101",1,03, 2,"R",52,"R",24,"R",28,"Z",0,"Z",0,"Z",0,"R",4,"R",4,"Z",0,"R",7,"R",2,"R",5,"R",8,"R",4,"R",4,"Z",0,"Z",0,"Z",0,"R",26,"R",11,"R",15,"Z",0,"Z",0,"Z",0,"Z",0,"Z",0,"Z",0,"R",7,"R",3,"R",4
190673,"50.0102",1,03, 2,"R",34,"R",18,"R",16,"Z",0,"Z",0,"Z",0,"R",9,"R",5,"R",4,"R",5,"R",3,"R",2,"R",4,"R",2,"R",2,"Z",0,"Z",0,"Z",0,"R",14,"R",7,"R",7,"Z",0,"Z",0,"Z",0,"Z",0,"Z",0,"Z",0,"R",2,"R",1,"R",1
190840,"50.0101",1,03, 2,"R",22,"R",8,"R",14,"Z",0,"Z",0,"Z",0,"Z",0,"Z",0,"Z",0,"Z",0,"Z",0,"Z",0,"R",2,"R",2,"Z",0,"Z",0,"Z",0,"Z",0,"R",20,"R",6,"R",14,"Z",0,"Z",0,"Z",0,"Z",0,"Z",0,"Z",0,"Z",0,"Z",0,"Z",0
191612,"50.0101",1,03, 2,"R",4,"R",1,"R",3,"Z",0,"Z",0,"Z",0,"Z",0,"Z",0,"Z",0,"Z",0,"Z",0,"Z",0,"Z",0,"Z",0,"Z",0,"Z",0,"Z",0,"Z",0,"R",3,"R",1,"R",2,"Z",0,"Z",0,"Z",0,"R",1,"Z",0,"R",1,"Z",0,"Z",0,"Z",0
191719,"50.0101",1,03, 2,"R",6,"R",3,"R",3,"Z",0,"Z",0,"Z",0,"Z",0,"Z",0,"Z",0,"R",2,"R",1,"R",1,"R",2,"R",1,"R",1,"Z",0,"Z",0,"Z",0,"R",2,"R",1,"R",1,"Z",0,"Z",0,"Z",0,"Z",0,"Z",0,"Z",0,"Z",0,"Z",0,"Z",0
192448,"50.0102",1,05, 2,"R",7,"R",5,"R",2,"R",0,"R",0,"R",0,"R",0,"R",0,"R",0,"R",0,"R",0,"R",0,"R",1,"R",1,"R",0,"R",0,"R",0,"R",0,"R",4,"R",3,"R",1,"R",0,"R",0,"R",0,"R",2,"R",1,"R",1,"R",0,"R",0,"R",0
193478,"50.0101",1,03, 2,"R",3,"Z",0,"R",3,"Z",0,"Z",0,"Z",0,"Z",0,"Z",0,"Z",0,"Z",0,"Z",0,"Z",0,"Z",0,"Z",0,"Z",0,"Z",0,"Z",0,"Z",0,"R",1,"Z",0,"R",1,"Z",0,"Z",0,"Z",0,"R",2,"Z",0,"R",2,"Z",0,"Z",0,"Z",0
193900,"50.0101",1,01, 2,"R",0,"Z",0,"R",0,"Z",0,"Z",0,"Z",0,"Z",0,"Z",0,"Z",0,"Z",0,"Z",0,"Z",0,"Z",0,"Z",0,"Z",0,"Z",0,"Z",0,"Z",0,"Z",0,"Z",0,"Z",0,"Z",0,"Z",0,"Z",0,"R",0,"Z",0,"R",0,"Z",0,"Z",0,"Z",0
193900,"50.0101",1,05, 2,"R",0,"Z",0,"R",0,"Z",0,"Z",0,"Z",0,"Z",0,"Z",0,"Z",0,"Z",0,"Z",0,"Z",0,"Z",0,"Z",0,"Z",0,"Z",0,"Z",0,"Z",0,"Z",0,"Z",0,"Z",0,"Z",0,"Z",0,"Z",0,"R",0,"Z",0,"R",0,"Z",0,"Z",0,"Z",0
193900,"50.0101",1,08, 2,"R",0,"Z",0,"R",0,"Z",0,"Z",0,"Z",0,"Z",0,"Z",0,"Z",0,"Z",0,"Z",0,"Z",0,"Z",0,"Z",0,"Z",0,"Z",0,"Z",0,"Z",0,"Z",0,"Z",0,"Z",0,"Z",0,"Z",0,"Z",0,"R",0,"Z",0,"R",0,"Z",0,"Z",0,"Z",0
193900,"50.0101",2,05, 2,"R",1,"R",1,"Z",0,"Z",0,"Z",0,"Z",0,"Z",0,"Z",0,"Z",0,"Z",0,"Z",0,"Z",0,"Z",0,"Z",0,"Z",0,"Z",0,"Z",0,"Z",0,"R",1,"R",1,"Z",0,"Z",0,"Z",0,"Z",0,"Z",0,"Z",0,"Z",0,"Z",0,"Z",0,"Z",0
193900,"50.0102",1,07, 2,"R",4,"R",1,"R",3,"Z",0,"Z",0,"Z",0,"R",1,"Z",0,"R",1,"Z",0,"Z",0,"Z",0,"Z",0,"Z",0,"Z",0,"Z",0,"Z",0,"Z",0,"Z",0,"Z",0,"Z",0,"Z",0,"Z",0,"Z",0,"R",3,"R",1,"R",2,"Z",0,"Z",0,"Z",0
194310,"50.0101",1,06, 2,"R",0,"R",0,"R",0,"R",0,"R",0,"R",0,"R",0,"R",0,"R",0,"R",0,"R",0,"R",0,"R",0,"R",0,"R",0,"R",0,"R",0,"R",0,"R",0,"R",0,"R",0,"R",0,"R",0,"R",0,"R",0,"R",0,"R",0,"R",0,"R",0,"R",0
194310,"50.0101",1,07, 2,"R",0,"R",0,"R",0,"R",0,"R",0,"R",0,"R",0,"R",0,"R",0,"R",0,"R",0,"R",0,"R",0,"R",0,"R",0,"R",0,"R",0,"R",0,"R",0,"R",0,"R",0,"R",0,"R",0,"R",0,"R",0,"R",0,"R",0,"R",0,"R",0,"R",0
194310,"50.0101",1,08, 2,"R",0,"R",0,"R",0,"R",0,"R",0,"R",0,"R",0,"R",0,"R",0,"R",0,"R",0,"R",0,"R",0,"R",0,"R",0,"R",0,"R",0,"R",0,"R",0,"R",0,"R",0,"R",0,"R",0,"R",0,"R",0,"R",0,"R",0,"R",0,"R",0,"R",0
194578,"50.0102",1,03, 2,"R",5,"R",4,"R",1,"R",0,"R",0,"R",0,"R",2,"R",1,"R",1,"R",1,"R",1,"R",0,"R",0,"R",0,"R",0,"R",0,"R",0,"R",0,"R",2,"R",2,"R",0,"R",0,"R",0,"R",0,"R",0,"R",0,"R",0,"R",0,"R",0,"R",0
194578,"50.0102",1,05, 2,"R",21,"R",11,"R",10,"R",0,"R",0,"R",0,"R",3,"R",0,"R",3,"R",1,"R",1,"R",0,"R",5,"R",2,"R",3,"R",0,"R",0,"R",0,"R",12,"R",8,"R",4,"R",0,"R",0,"R",0,"R",0,"R",0,"R",0,"R",0,"R",0,"R",0
194578,"50.0102",1,07, 2,"R",18,"R",9,"R",9,"R",0,"R",0,"R",0,"R",1,"R",1,"R",0,"R",1,"R",1,"R",0,"R",1,"R",1,"R",0,"R",0,"R",0,"R",0,"R",5,"R",2,"R",3,"R",0,"R",0,"R",0,"R",0,"R",0,"R",0,"R",10,"R",4,"R",6
194824,"50.0101",1,05, 2,"R",7,"R",2,"R",5,"R",0,"R",0,"R",0,"R",2,"R",1,"R",1,"R",1,"R",0,"R",1,"R",1,"R",0,"R",1,"R",0,"R",0,"R",0,"R",3,"R",1,"R",2,"R",0,"R",0,"R",0,"R",0,"R",0,"R",0,"R",0,"R",0,"R",0
194824,"50.0101",1,07, 2,"R",3,"R",1,"R",2,"R",0,"R",0,"R",0,"R",0,"R",0,"R",0,"R",0,"R",0,"R",0,"R",2,"R",1,"R",1,"R",0,"R",0,"R",0,"R",1,"R",0,"R",1,"R",0,"R",0,"R",0,"R",0,"R",0,"R",0,"R",0,"R",0,"R",0
194824,"50.0101",1,17, 2,"R",2,"R",2,"R",0,"R",0,"R",0,"R",0,"R",0,"R",0,"R",0,"R",0,"R",0,"R",0,"R",0,"R",0,"R",0,"R",0,"R",0,"R",0,"R",1,"R",1,"R",0,"R",1,"R",1,"R",0,"R",0,"R",0,"R",0,"R",0,"R",0,"R",0
195003,"50.0101",1,01, 2,"R",8,"R",4,"R",4,"R",0,"R",0,"R",0,"R",0,"R",0,"R",0,"R",0,"R",0,"R",0,"R",0,"R",0,"R",0,"R",0,"R",0,"R",0,"R",7,"R",4,"R",3,"R",0,"R",0,"R",0,"R",0,"R",0,"R",0,"R",1,"R",0,"R",1
195164,"50.0101",1,05, 2,"R",8,"R",2,"R",6,"Z",0,"Z",0,"Z",0,"Z",0,"Z",0,"Z",0,"Z",0,"Z",0,"Z",0,"Z",0,"Z",0,"Z",0,"Z",0,"Z",0,"Z",0,"R",8,"R",2,"R",6,"Z",0,"Z",0,"Z",0,"Z",0,"Z",0,"Z",0,"Z",0,"Z",0,"Z",0
195164,"50.0101",2,05, 2,"R",0,"Z",0,"R",0,"Z",0,"Z",0,"Z",0,"Z",0,"Z",0,"Z",0,"Z",0,"Z",0,"Z",0,"Z",0,"Z",0,"Z",0,"Z",0,"Z",0,"Z",0,"R",0,"Z",0,"R",0,"Z",0,"Z",0,"Z",0,"Z",0,"Z",0,"Z",0,"Z",0,"Z",0,"Z",0
195234,"50.0101",1,02, 2,"R",0,"Z",0,"R",0,"Z",0,"Z",0,"Z",0,"Z",0,"Z",0,"Z",0,"Z",0,"Z",0,"Z",0,"Z",0,"Z",0,"Z",0,"Z",0,"Z",0,"Z",0,"Z",0,"Z",0,"Z",0,"Z",0,"Z",0,"Z",0,"R",0,"Z",0,"R",0,"Z",0,"Z",0,"Z",0
195474,"50.0101",1,02, 2,"R",5,"R",2,"R",3,"Z",0,"Z",0,"Z",0,"Z",0,"Z",0,"Z",0,"Z",0,"Z",0,"Z",0,"Z",0,"Z",0,"Z",0,"Z",0,"Z",0,"Z",0,"R",4,"R",1,"R",3,"Z",0,"Z",0,"Z",0,"R",1,"R",1,"Z",0,"Z",0,"Z",0,"Z",0
195474,"50.0101",1,05, 2,"R",14,"R",5,"R",9,"Z",0,"Z",0,"Z",0,"Z",0,"Z",0,"Z",0,"R",2,"R",1,"R",1,"Z",0,"Z",0,"Z",0,"Z",0,"Z",0,"Z",0,"R",12,"R",4,"R",8,"Z",0,"Z",0,"Z",0,"Z",0,"Z",0,"Z",0,"Z",0,"Z",0,"Z",0
195474,"50.0101",2,05, 2,"R",1,"Z",0,"R",1,"Z",0,"Z",0,"Z",0,"Z",0,"Z",0,"Z",0,"Z",0,"Z",0,"Z",0,"Z",0,"Z",0,"Z",0,"Z",0,"Z",0,"Z",0,"R",1,"Z",0,"R",1,"Z",0,"Z",0,"Z",0,"Z",0,"Z",0,"Z",0,"Z",0,"Z",0,"Z",0
196176,"50.0101",1,05, 2,"R",48,"R",12,"R",36,"Z",0,"Z",0,"Z",0,"R",3,"R",2,"R",1,"Z",0,"Z",0,"Z",0,"R",6,"R",1,"R",5,"Z",0,"Z",0,"Z",0,"R",30,"R",8,"R",22,"R",5,"Z",0,"R",5,"R",2,"Z",0,"R",2,"R",2,"R",1,"R",1
196200,"50.0101",1,05, 2,"R",11,"R",2,"R",9,"Z",0,"Z",0,"Z",0,"Z",0,"Z",0,"Z",0,"Z",0,"Z",0,"Z",0,"Z",0,"Z",0,"Z",0,"Z",0,"Z",0,"Z",0,"R",9,"R",2,"R",7,"Z",0,"Z",0,"Z",0,"R",2,"Z",0,"R",2,"Z",0,"Z",0,"Z",0
196219,"50.0101",1,05, 2,"R",11,"R",4,"R",7,"Z",0,"Z",0,"Z",0,"R",1,"Z",0,"R",1,"Z",0,"Z",0,"Z",0,"Z",0,"Z",0,"Z",0,"Z",0,"Z",0,"Z",0,"R",8,"R",4,"R",4,"Z",0,"Z",0,"Z",0,"R",2,"Z",0,"R",2,"Z",0,"Z",0,"Z",0
196219,"50.0101",1,07, 2,"R",10,"R",4,"R",6,"Z",0,"Z",0,"Z",0,"Z",0,"Z",0,"Z",0,"Z",0,"Z",0,"Z",0,"Z",0,"Z",0,"Z",0,"Z",0,"Z",0,"Z",0,"R",7,"R",4,"R",3,"R",1,"Z",0,"R",1,"R",2,"Z",0,"R",2,"Z",0,"Z",0,"Z",0
196237,"50.0101",1,05, 2,"R",8,"R",4,"R",4,"Z",0,"Z",0,"Z",0,"R",2,"R",1,"R",1,"R",1,"Z",0,"R",1,"R",2,"R",1,"R",1,"Z",0,"Z",0,"Z",0,"R",2,"R",1,"R",1,"R",1,"R",1,"Z",0,"Z",0,"Z",0,"Z",0,"Z",0,"Z",0,"Z",0
196699,"50.0101",1,03, 2,"R",11,"R",2,"R",9,"Z",0,"Z",0,"Z",0,"Z",0,"Z",0,"Z",0,"Z",0,"Z",0,"Z",0,"Z",0,"Z",0,"Z",0,"Z",0,"Z",0,"Z",0,"R",10,"R",2,"R",8,"Z",0,"Z",0,"Z",0,"Z",0,"Z",0,"Z",0,"R",1,"Z",0,"R",1
197993,"50.0101",1,05, 2,"R",3,"R",0,"R",3,"Z",0,"Z",0,"Z",0,"Z",0,"Z",0,"Z",0,"R",2,"Z",0,"R",2,"R",1,"Z",0,"R",1,"Z",0,"Z",0,"Z",0,"Z",0,"Z",0,"Z",0,"Z",0,"Z",0,"Z",0,"Z",0,"Z",0,"Z",0,"R",0,"R",0,"Z",0
198756,"50.0101",1,05, 2,"R",0,"R",0,"Z",0,"Z",0,"Z",0,"Z",0,"Z",0,"Z",0,"Z",0,"Z",0,"Z",0,"Z",0,"Z",0,"Z",0,"Z",0,"Z",0,"Z",0,"Z",0,"Z",0,"Z",0,"Z",0,"Z",0,"Z",0,"Z",0,"Z",0,"Z",0,"Z",0,"R",0,"R",0,"Z",0
199069,"50.0101",1,05, 2,"R",13,"R",7,"R",6,"Z",0,"Z",0,"Z",0,"Z",0,"Z",0,"Z",0,"R",2,"R",2,"Z",0,"Z",0,"Z",0,"Z",0,"Z",0,"Z",0,"Z",0,"R",9,"R",4,"R",5,"Z",0,"Z",0,"Z",0,"Z",0,"Z",0,"Z",0,"R",2,"R",1,"R",1
199184,"50.0101",1,04, 2,"R",7,"R",7,"R",0,"R",0,"R",0,"R",0,"R",0,"R",0,"R",0,"R",2,"R",2,"R",0,"R",0,"R",0,"R",0,"R",0,"R",0,"R",0,"R",4,"R",4,"R",0,"R",1,"R",1,"R",0,"R",0,"R",0,"R",0,"R",0,"R",0,"R",0
199582,"50.0101",1,05, 2,"R",4,"R",1,"R",3,"Z",0,"Z",0,"Z",0,"Z",0,"Z",0,"Z",0,"R",4,"R",1,"R",3,"Z",0,"Z",0,"Z",0,"Z",0,"Z",0,"Z",0,"Z",0,"Z",0,"Z",0,"Z",0,"Z",0,"Z",0,"Z",0,"Z",0,"Z",0,"Z",0,"Z",0,"Z",0
199698,"50.0101",1,05, 2,"R",4,"R",3,"R",1,"Z",0,"Z",0,"Z",0,"Z",0,"Z",0,"Z",0,"Z",0,"Z",0,"Z",0,"Z",0,"Z",0,"Z",0,"Z",0,"Z",0,"Z",0,"R",4,"R",3,"R",1,"Z",0,"Z",0,"Z",0,"Z",0,"Z",0,"Z",0,"Z",0,"Z",0,"Z",0
199865,"50.0101",1,05, 2,"R",16,"R",6,"R",10,"Z",0,"Z",0,"Z",0,"Z",0,"Z",0,"Z",0,"Z",0,"Z",0,"Z",0,"R",2,"Z",0,"R",2,"Z",0,"Z",0,"Z",0,"R",13,"R",6,"R",7,"R",1,"Z",0,"R",1,"Z",0,"Z",0,"Z",0,"Z",0,"Z",0,"Z",0
199865,"50.0101",2,05, 2,"R",0,"R",0,"R",0,"Z",0,"Z",0,"Z",0,"Z",0,"Z",0,"Z",0,"Z",0,"Z",0,"Z",0,"Z",0,"Z",0,"Z",0,"Z",0,"Z",0,"Z",0,"R",0,"R",0,"R",0,"Z",0,"Z",0,"Z",0,"Z",0,"Z",0,"Z",0,"Z",0,"Z",0,"Z",0
202170,"50.0101",1,07, 2,"R",11,"R",5,"R",6,"R",0,"R",0,"R",0,"R",0,"R",0,"R",0,"R",0,"R",0,"R",0,"R",0,"R",0,"R",0,"R",0,"R",0,"R",0,"R",10,"R",5,"R",5,"R",0,"R",0,"R",0,"R",0,"R",0,"R",0,"R",1,"R",0,"R",1
202763,"50.0101",1,05, 2,"R",0,"Z",0,"R",0,"Z",0,"Z",0,"Z",0,"Z",0,"Z",0,"Z",0,"Z",0,"Z",0,"Z",0,"Z",0,"Z",0,"Z",0,"Z",0,"Z",0,"Z",0,"Z",0,"Z",0,"Z",0,"Z",0,"Z",0,"Z",0,"R",0,"Z",0,"R",0,"Z",0,"Z",0,"Z",0
202763,"50.0101",2,05, 2,"R",0,"Z",0,"R",0,"Z",0,"Z",0,"Z",0,"Z",0,"Z",0,"Z",0,"Z",0,"Z",0,"Z",0,"Z",0,"Z",0,"Z",0,"Z",0,"Z",0,"Z",0,"Z",0,"Z",0,"Z",0,"Z",0,"Z",0,"Z",0,"R",0,"Z",0,"R",0,"Z",0,"Z",0,"Z",0
203517,"50.0101",1,05, 2,"R",12,"R",3,"R",9,"Z",0,"Z",0,"Z",0,"R",1,"R",1,"Z",0,"R",1,"Z",0,"R",1,"Z",0,"Z",0,"Z",0,"Z",0,"Z",0,"Z",0,"R",9,"R",2,"R",7,"Z",0,"Z",0,"Z",0,"Z",0,"Z",0,"Z",0,"R",1,"Z",0,"R",1
203580,"50.0102",1,05, 2,"R",0,"Z",0,"R",0,"Z",0,"Z",0,"Z",0,"Z",0,"Z",0,"Z",0,"Z",0,"Z",0,"Z",0,"Z",0,"Z",0,"Z",0,"Z",0,"Z",0,"Z",0,"Z",0,"Z",0,"Z",0,"Z",0,"Z",0,"Z",0,"R",0,"Z",0,"R",0,"Z",0,"Z",0,"Z",0
203580,"50.0102",2,05, 2,"R",0,"Z",0,"R",0,"Z",0,"Z",0,"Z",0,"Z",0,"Z",0,"Z",0,"Z",0,"Z",0,"Z",0,"Z",0,"Z",0,"Z",0,"Z",0,"Z",0,"Z",0,"Z",0,"Z",0,"Z",0,"Z",0,"Z",0,"Z",0,"R",0,"Z",0,"R",0,"Z",0,"Z",0,"Z",0
204468,"50.0101",1,05, 2,"R",0,"R",0,"Z",0,"Z",0,"Z",0,"Z",0,"Z",0,"Z",0,"Z",0,"Z",0,"Z",0,"Z",0,"Z",0,"Z",0,"Z",0,"Z",0,"Z",0,"Z",0,"Z",0,"Z",0,"Z",0,"Z",0,"Z",0,"Z",0,"Z",0,"Z",0,"Z",0,"R",0,"R",0,"Z",0
204857,"50.0101",1,17, 2,"R",2,"Z",0,"R",2,"Z",0,"Z",0,"Z",0,"Z",0,"Z",0,"Z",0,"Z",0,"Z",0,"Z",0,"Z",0,"Z",0,"Z",0,"Z",0,"Z",0,"Z",0,"Z",0,"Z",0,"Z",0,"Z",0,"Z",0,"Z",0,"R",1,"Z",0,"R",1,"R",1,"Z",0,"R",1
205203,"50.0101",1,05, 2,"R",1,"R",1,"R",0,"R",0,"R",0,"R",0,"R",0,"R",0,"R",0,"R",0,"R",0,"R",0,"R",0,"R",0,"R",0,"R",0,"R",0,"R",0,"R",1,"R",1,"R",0,"R",0,"R",0,"R",0,"R",0,"R",0,"R",0,"R",0,"R",0,"R",0
206525,"50.0101",1,05, 2,"R",5,"R",2,"R",3,"R",0,"R",0,"R",0,"R",0,"R",0,"R",0,"R",0,"R",0,"R",0,"R",0,"R",0,"R",0,"R",0,"R",0,"R",0,"R",5,"R",2,"R",3,"R",0,"R",0,"R",0,"R",0,"R",0,"R",0,"R",0,"R",0,"R",0
206525,"50.0101",2,05, 2,"R",1,"R",0,"R",1,"R",0,"R",0,"R",0,"R",0,"R",0,"R",0,"R",0,"R",0,"R",0,"R",0,"R",0,"R",0,"R",0,"R",0,"R",0,"R",1,"R",0,"R",1,"R",0,"R",0,"R",0,"R",0,"R",0,"R",0,"R",0,"R",0,"R",0
207449,"50.0101",1,03, 2,"R",15,"R",6,"R",9,"R",1,"R",1,"R",0,"R",1,"R",0,"R",1,"R",1,"R",1,"R",0,"R",0,"R",0,"R",0,"R",0,"R",0,"R",0,"R",6,"R",0,"R",6,"R",0,"R",0,"R",0,"R",5,"R",4,"R",1,"R",1,"R",0,"R",1
207661,"50.0101",1,05, 2,"R",19,"R",8,"R",11,"R",3,"R",2,"R",1,"R",0,"R",0,"R",0,"R",0,"R",0,"R",0,"R",0,"R",0,"R",0,"R",0,"R",0,"R",0,"R",11,"R",5,"R",6,"R",5,"R",1,"R",4,"R",0,"R",0,"R",0,"R",0,"R",0,"R",0
207689,"50.0101",1,05, 2,"R",1,"R",0,"R",1,"R",0,"R",0,"R",0,"R",0,"R",0,"R",0,"R",1,"R",0,"R",1,"R",0,"R",0,"R",0,"R",0,"R",0,"R",0,"R",0,"R",0,"R",0,"R",0,"R",0,"R",0,"R",0,"R",0,"R",0,"R",0,"R",0,"R",0
209542,"50.0101",1,05, 2,"R",63,"R",25,"R",38,"R",2,"R",0,"R",2,"R",1,"R",1,"R",0,"R",0,"R",0,"R",0,"R",7,"R",2,"R",5,"R",0,"R",0,"R",0,"R",43,"R",19,"R",24,"R",0,"R",0,"R",0,"R",10,"R",3,"R",7,"R",0,"R",0,"R",0
209603,"50.0102",1,05, 2,"R",0,"R",0,"R",0,"Z",0,"Z",0,"Z",0,"Z",0,"Z",0,"Z",0,"Z",0,"Z",0,"Z",0,"Z",0,"Z",0,"Z",0,"Z",0,"Z",0,"Z",0,"Z",0,"Z",0,"Z",0,"Z",0,"Z",0,"Z",0,"Z",0,"Z",0,"Z",0,"R",0,"R",0,"R",0
209940,"50.0101",1,02, 2,"R",1,"Z",0,"R",1,"Z",0,"Z",0,"Z",0,"Z",0,"Z",0,"Z",0,"Z",0,"Z",0,"Z",0,"R",1,"Z",0,"R",1,"Z",0,"Z",0,"Z",0,"Z",0,"Z",0,"Z",0,"Z",0,"Z",0,"Z",0,"Z",0,"Z",0,"Z",0,"Z",0,"Z",0,"Z",0
210234,"50.0101",1,03, 2,"R",0,"R",0,"R",0,"R",0,"R",0,"R",0,"R",0,"R",0,"R",0,"R",0,"R",0,"R",0,"R",0,"R",0,"R",0,"R",0,"R",0,"R",0,"R",0,"R",0,"R",0,"R",0,"R",0,"R",0,"R",0,"R",0,"R",0,"R",0,"R",0,"R",0
211307,"50.0101",1,03, 2,"R",14,"R",5,"R",9,"Z",0,"Z",0,"Z",0,"Z",0,"Z",0,"Z",0,"Z",0,"Z",0,"Z",0,"Z",0,"Z",0,"Z",0,"Z",0,"Z",0,"Z",0,"R",14,"R",5,"R",9,"Z",0,"Z",0,"Z",0,"Z",0,"Z",0,"Z",0,"Z",0,"Z",0,"Z",0
211440,"50.0102",1,05, 2,"R",0,"R",0,"Z",0,"Z",0,"Z",0,"Z",0,"Z",0,"Z",0,"Z",0,"Z",0,"Z",0,"Z",0,"Z",0,"Z",0,"Z",0,"Z",0,"Z",0,"Z",0,"Z",0,"Z",0,"Z",0,"Z",0,"Z",0,"Z",0,"Z",0,"Z",0,"Z",0,"R",0,"R",0,"Z",0
212115,"50.0101",1,05, 2,"R",4,"R",2,"R",2,"Z",0,"Z",0,"Z",0,"Z",0,"Z",0,"Z",0,"Z",0,"Z",0,"Z",0,"Z",0,"Z",0,"Z",0,"Z",0,"Z",0,"Z",0,"R",4,"R",2,"R",2,"Z",0,"Z",0,"Z",0,"Z",0,"Z",0,"Z",0,"Z",0,"Z",0,"Z",0
212601,"50.0101",1,05, 2,"R",1,"R",1,"Z",0,"Z",0,"Z",0,"Z",0,"Z",0,"Z",0,"Z",0,"R",1,"R",1,"Z",0,"Z",0,"Z",0,"Z",0,"Z",0,"Z",0,"Z",0,"Z",0,"Z",0,"Z",0,"Z",0,"Z",0,"Z",0,"Z",0,"Z",0,"Z",0,"Z",0,"Z",0,"Z",0
212878,"50.0101",1,03, 2,"R",36,"R",11,"R",25,"R",1,"Z",0,"R",1,"Z",0,"Z",0,"Z",0,"R",2,"Z",0,"R",2,"R",4,"R",2,"R",2,"Z",0,"Z",0,"Z",0,"R",26,"R",8,"R",18,"R",2,"R",1,"R",1,"Z",0,"Z",0,"Z",0,"R",1,"Z",0,"R",1
212911,"50.0101",1,05, 2,"R",3,"R",2,"R",1,"Z",0,"Z",0,"Z",0,"Z",0,"Z",0,"Z",0,"Z",0,"Z",0,"Z",0,"R",1,"Z",0,"R",1,"Z",0,"Z",0,"Z",0,"R",2,"R",2,"Z",0,"Z",0,"Z",0,"Z",0,"Z",0,"Z",0,"Z",0,"Z",0,"Z",0,"Z",0
212911,"50.0101",2,05, 2,"R",0,"R",0,"Z",0,"Z",0,"Z",0,"Z",0,"Z",0,"Z",0,"Z",0,"Z",0,"Z",0,"Z",0,"Z",0,"Z",0,"Z",0,"Z",0,"Z",0,"Z",0,"R",0,"R",0,"Z",0,"Z",0,"Z",0,"Z",0,"Z",0,"Z",0,"Z",0,"Z",0,"Z",0,"Z",0
213020,"50.0101",1,05, 2,"R",3,"R",1,"R",2,"Z",0,"Z",0,"Z",0,"Z",0,"Z",0,"Z",0,"Z",0,"Z",0,"Z",0,"Z",0,"Z",0,"Z",0,"Z",0,"Z",0,"Z",0,"R",3,"R",1,"R",2,"Z",0,"Z",0,"Z",0,"Z",0,"Z",0,"Z",0,"Z",0,"Z",0,"Z",0
213020,"50.0101",2,05, 2,"R",1,"Z",0,"R",1,"Z",0,"Z",0,"Z",0,"Z",0,"Z",0,"Z",0,"Z",0,"Z",0,"Z",0,"Z",0,"Z",0,"Z",0,"Z",0,"Z",0,"Z",0,"R",1,"Z",0,"R",1,"Z",0,"Z",0,"Z",0,"Z",0,"Z",0,"Z",0,"Z",0,"Z",0,"Z",0
213367,"50.0102",1,05, 2,"R",10,"R",7,"R",3,"R",0,"R",0,"R",0,"R",1,"R",1,"R",0,"R",2,"R",2,"R",0,"R",2,"R",2,"R",0,"R",0,"R",0,"R",0,"R",5,"R",2,"R",3,"R",0,"R",0,"R",0,"R",0,"R",0,"R",0,"R",0,"R",0,"R",0
213367,"50.0102",2,05, 2,"R",0,"R",0,"R",0,"R",0,"R",0,"R",0,"R",0,"R",0,"R",0,"R",0,"R",0,"R",0,"R",0,"R",0,"R",0,"R",0,"R",0,"R",0,"R",0,"R",0,"R",0,"R",0,"R",0,"R",0,"R",0,"R",0,"R",0,"R",0,"R",0,"R",0
214689,"50.0101",1,05, 2,"R",8,"R",5,"R",3,"R",0,"R",0,"R",0,"R",0,"R",0,"R",0,"R",1,"R",1,"R",0,"R",0,"R",0,"R",0,"R",0,"R",0,"R",0,"R",7,"R",4,"R",3,"R",0,"R",0,"R",0,"R",0,"R",0,"R",0,"R",0,"R",0,"R",0
214777,"50.0101",1,05, 2,"R",58,"R",22,"R",36,"R",0,"R",0,"R",0,"R",2,"R",0,"R",2,"R",2,"R",1,"R",1,"R",3,"R",2,"R",1,"R",0,"R",0,"R",0,"R",47,"R",18,"R",29,"R",0,"R",0,"R",0,"R",4,"R",1,"R",3,"R",0,"R",0,"R",0
214801,"50.0101",1,05, 2,"R",8,"R",4,"R",4,"R",0,"R",0,"R",0,"R",2,"R",2,"R",0,"R",1,"R",0,"R",1,"R",2,"R",0,"R",2,"R",0,"R",0,"R",0,"R",1,"R",1,"R",0,"R",1,"R",1,"R",0,"R",1,"R",0,"R",1,"R",0,"R",0,"R",0
215062,"50.0101",1,05, 2,"R",13,"R",3,"R",10,"R",0,"R",0,"R",0,"R",1,"R",0,"R",1,"R",1,"R",0,"R",1,"R",0,"R",0,"R",0,"R",0,"R",0,"R",0,"R",9,"R",3,"R",6,"R",0,"R",0,"R",0,"R",2,"R",0,"R",2,"R",0,"R",0,"R",0
215275,"50.0101",1,05, 2,"R",5,"R",1,"R",4,"R",0,"R",0,"R",0,"R",0,"R",0,"R",0,"R",0,"R",0,"R",0,"R",0,"R",0,"R",0,"R",0,"R",0,"R",0,"R",4,"R",1,"R",3,"R",0,"R",0,"R",0,"R",1,"R",0,"R",1,"R",0,"R",0,"R",0
215442,"50.0102",1,05, 2,"R",0,"R",0,"Z",0,"Z",0,"Z",0,"Z",0,"Z",0,"Z",0,"Z",0,"Z",0,"Z",0,"Z",0,"Z",0,"Z",0,"Z",0,"Z",0,"Z",0,"Z",0,"Z",0,"Z",0,"Z",0,"Z",0,"Z",0,"Z",0,"Z",0,"Z",0,"Z",0,"R",0,"R",0,"Z",0
215442,"50.0102",2,05, 2,"R",0,"R",0,"Z",0,"Z",0,"Z",0,"Z",0,"Z",0,"Z",0,"Z",0,"Z",0,"Z",0,"Z",0,"Z",0,"Z",0,"Z",0,"Z",0,"Z",0,"Z",0,"Z",0,"Z",0,"Z",0,"Z",0,"Z",0,"Z",0,"Z",0,"Z",0,"Z",0,"R",0,"R",0,"Z",0
215770,"50.0101",1,05, 2,"R",10,"R",2,"R",8,"Z",0,"Z",0,"Z",0,"Z",0,"Z",0,"Z",0,"R",1,"Z",0,"R",1,"Z",0,"Z",0,"Z",0,"Z",0,"Z",0,"Z",0,"R",9,"R",2,"R",7,"Z",0,"Z",0,"Z",0,"Z",0,"Z",0,"Z",0,"Z",0,"Z",0,"Z",0
215770,"50.0101",2,05, 2,"R",2,"Z",0,"R",2,"Z",0,"Z",0,"Z",0,"Z",0,"Z",0,"Z",0,"Z",0,"Z",0,"Z",0,"Z",0,"Z",0,"Z",0,"Z",0,"Z",0,"Z",0,"R",2,"Z",0,"R",2,"Z",0,"Z",0,"Z",0,"Z",0,"Z",0,"Z",0,"Z",0,"Z",0,"Z",0
217402,"50.0101",1,05, 2,"R",10,"R",2,"R",8,"Z",0,"Z",0,"Z",0,"Z",0,"Z",0,"Z",0,"R",1,"Z",0,"R",1,"Z",0,"Z",0,"Z",0,"Z",0,"Z",0,"Z",0,"R",7,"R",2,"R",5,"Z",0,"Z",0,"Z",0,"R",2,"Z",0,"R",2,"Z",0,"Z",0,"Z",0
217402,"50.0101",2,05, 2,"R",0,"R",0,"R",0,"Z",0,"Z",0,"Z",0,"Z",0,"Z",0,"Z",0,"Z",0,"Z",0,"Z",0,"Z",0,"Z",0,"Z",0,"Z",0,"Z",0,"Z",0,"R",0,"R",0,"R",0,"Z",0,"Z",0,"Z",0,"Z",0,"Z",0,"Z",0,"Z",0,"Z",0,"Z",0
217749,"50.0101",1,07, 2,"R",0,"R",0,"R",0,"R",0,"R",0,"R",0,"R",0,"R",0,"R",0,"R",0,"R",0,"R",0,"R",0,"R",0,"R",0,"R",0,"R",0,"R",0,"R",0,"R",0,"R",0,"R",0,"R",0,"R",0,"R",0,"R",0,"R",0,"R",0,"R",0,"R",0
217819,"50.0101",1,07, 2,"R",1,"R",0,"R",1,"R",0,"R",0,"R",0,"R",0,"R",0,"R",0,"R",0,"R",0,"R",0,"R",0,"R",0,"R",0,"R",0,"R",0,"R",0,"R",1,"R",0,"R",1,"R",0,"R",0,"R",0,"R",0,"R",0,"R",0,"R",0,"R",0,"R",0
218821,"50.0101",1,03, 2,"R",0,"R",0,"R",0,"R",0,"R",0,"R",0,"R",0,"R",0,"R",0,"R",0,"R",0,"R",0,"R",0,"R",0,"R",0,"R",0,"R",0,"R",0,"R",0,"R",0,"R",0,"R",0,"R",0,"R",0,"R",0,"R",0,"R",0,"R",0,"R",0,"R",0
219356,"50.0101",1,01, 2,"R",3,"R",1,"R",2,"Z",0,"Z",0,"Z",0,"Z",0,"Z",0,"Z",0,"Z",0,"Z",0,"Z",0,"Z",0,"Z",0,"Z",0,"Z",0,"Z",0,"Z",0,"R",2,"Z",0,"R",2,"Z",0,"Z",0,"Z",0,"Z",0,"Z",0,"Z",0,"R",1,"R",1,"Z",0
219356,"50.0101",1,05, 2,"R",14,"R",6,"R",8,"Z",0,"Z",0,"Z",0,"Z",0,"Z",0,"Z",0,"Z",0,"Z",0,"Z",0,"Z",0,"Z",0,"Z",0,"Z",0,"Z",0,"Z",0,"R",13,"R",5,"R",8,"Z",0,"Z",0,"Z",0,"Z",0,"Z",0,"Z",0,"R",1,"R",1,"Z",0
219356,"50.0101",2,05, 2,"R",2,"R",1,"R",1,"Z",0,"Z",0,"Z",0,"Z",0,"Z",0,"Z",0,"Z",0,"Z",0,"Z",0,"Z",0,"Z",0,"Z",0,"Z",0,"Z",0,"Z",0,"R",2,"R",1,"R",1,"Z",0,"Z",0,"Z",0,"R",0,"Z",0,"R",0,"Z",0,"Z",0,"Z",0
220516,"50.0101",1,05, 2,"R",0,"Z",0,"R",0,"Z",0,"Z",0,"Z",0,"Z",0,"Z",0,"Z",0,"Z",0,"Z",0,"Z",0,"Z",0,"Z",0,"Z",0,"Z",0,"Z",0,"Z",0,"R",0,"Z",0,"R",0,"Z",0,"Z",0,"Z",0,"Z",0,"Z",0,"Z",0,"Z",0,"Z",0,"Z",0
220516,"50.0101",2,05, 2,"R",0,"Z",0,"R",0,"Z",0,"Z",0,"Z",0,"Z",0,"Z",0,"Z",0,"Z",0,"Z",0,"Z",0,"Z",0,"Z",0,"Z",0,"Z",0,"Z",0,"Z",0,"Z",0,"Z",0,"Z",0,"R",0,"Z",0,"R",0,"Z",0,"Z",0,"Z",0,"Z",0,"Z",0,"Z",0
220808,"50.0102",1,05, 2,"R",7,"R",3,"R",4,"R",0,"R",0,"R",0,"R",0,"R",0,"R",0,"R",3,"R",2,"R",1,"R",0,"R",0,"R",0,"R",0,"R",0,"R",0,"R",4,"R",1,"R",3,"R",0,"R",0,"R",0,"R",0,"R",0,"R",0,"R",0,"R",0,"R",0
221014,"50.0101",1,05, 2,"R",9,"R",4,"R",5,"Z",0,"Z",0,"Z",0,"Z",0,"Z",0,"Z",0,"R",1,"Z",0,"R",1,"Z",0,"Z",0,"Z",0,"Z",0,"Z",0,"Z",0,"R",8,"R",4,"R",4,"Z",0,"Z",0,"Z",0,"Z",0,"Z",0,"Z",0,"Z",0,"Z",0,"Z",0
221014,"50.0101",2,05, 2,"R",3,"R",2,"R",1,"Z",0,"Z",0,"Z",0,"Z",0,"Z",0,"Z",0,"Z",0,"Z",0,"Z",0,"Z",0,"Z",0,"Z",0,"Z",0,"Z",0,"Z",0,"R",3,"R",2,"R",1,"Z",0,"Z",0,"Z",0,"Z",0,"Z",0,"Z",0,"Z",0,"Z",0,"Z",0
221768,"50.0101",1,05, 2,"R",34,"R",14,"R",20,"Z",0,"Z",0,"Z",0,"Z",0,"Z",0,"Z",0,"R",4,"R",3,"R",1,"Z",0,"Z",0,"Z",0,"Z",0,"Z",0,"Z",0,"R",28,"R",11,"R",17,"Z",0,"Z",0,"Z",0,"R",1,"Z",0,"R",1,"R",1,"Z",0,"R",1
221953,"50.0101",1,05, 2,"R",11,"R",3,"R",8,"Z",0,"Z",0,"Z",0,"Z",0,"Z",0,"Z",0,"R",1,"R",1,"Z",0,"Z",0,"Z",0,"Z",0,"Z",0,"Z",0,"Z",0,"R",10,"R",2,"R",8,"Z",0,"Z",0,"Z",0,"Z",0,"Z",0,"Z",0,"Z",0,"Z",0,"Z",0
221953,"50.0101",2,05, 2,"R",0,"R",0,"Z",0,"Z",0,"Z",0,"Z",0,"Z",0,"Z",0,"Z",0,"Z",0,"Z",0,"Z",0,"Z",0,"Z",0,"Z",0,"Z",0,"Z",0,"Z",0,"Z",0,"Z",0,"Z",0,"Z",0,"Z",0,"Z",0,"Z",0,"Z",0,"Z",0,"R",0,"R",0,"Z",0
225432,"50.0101",1,05, 2,"R",9,"R",1,"R",8,"R",0,"R",0,"R",0,"R",0,"R",0,"R",0,"R",2,"R",0,"R",2,"R",4,"R",0,"R",4,"R",0,"R",0,"R",0,"R",3,"R",1,"R",2,"R",0,"R",0,"R",0,"R",0,"R",0,"R",0,"R",0,"R",0,"R",0
227146,"50.0101",1,03, 2,"R",7,"R",2,"R",5,"Z",0,"Z",0,"Z",0,"Z",0,"Z",0,"Z",0,"R",1,"Z",0,"R",1,"Z",0,"Z",0,"Z",0,"Z",0,"Z",0,"Z",0,"R",6,"R",2,"R",4,"Z",0,"Z",0,"Z",0,"Z",0,"Z",0,"Z",0,"Z",0,"Z",0,"Z",0
227757,"50.0101",1,05, 2,"R",18,"R",8,"R",10,"R",0,"R",0,"R",0,"R",3,"R",0,"R",3,"R",1,"R",1,"R",0,"R",1,"R",0,"R",1,"R",0,"R",0,"R",0,"R",11,"R",7,"R",4,"R",1,"R",0,"R",1,"R",1,"R",0,"R",1,"R",0,"R",0,"R",0
227757,"50.0101",2,05, 2,"R",7,"R",4,"R",3,"R",0,"R",0,"R",0,"R",2,"R",1,"R",1,"R",0,"R",0,"R",0,"R",2,"R",1,"R",1,"R",0,"R",0,"R",0,"R",3,"R",2,"R",1,"R",0,"R",0,"R",0,"R",0,"R",0,"R",0,"R",0,"R",0,"R",0
228723,"50.0101",1,07, 2,"R",3,"R",0,"R",3,"R",0,"R",0,"R",0,"R",0,"R",0,"R",0,"R",0,"R",0,"R",0,"R",0,"R",0,"R",0,"R",0,"R",0,"R",0,"R",2,"R",0,"R",2,"R",0,"R",0,"R",0,"R",0,"R",0,"R",0,"R",1,"R",0,"R",1
228778,"50.0101",1,05, 2,"R",59,"R",11,"R",48,"R",0,"R",0,"R",0,"R",1,"R",0,"R",1,"R",2,"R",1,"R",1,"R",13,"R",4,"R",9,"R",0,"R",0,"R",0,"R",40,"R",5,"R",35,"R",1,"R",0,"R",1,"R",0,"R",0,"R",0,"R",2,"R",1,"R",1
228787,"50.0101",1,05, 2,"R",51,"R",19,"R",32,"R",0,"R",0,"R",0,"R",2,"R",2,"R",0,"R",1,"R",1,"R",0,"R",8,"R",5,"R",3,"R",0,"R",0,"R",0,"R",36,"R",10,"R",26,"R",0,"R",0,"R",0,"R",2,"R",1,"R",1,"R",2,"R",0,"R",2
229063,"50.0101",1,07, 2,"R",1,"R",1,"Z",0,"Z",0,"Z",0,"Z",0,"Z",0,"Z",0,"Z",0,"R",1,"R",1,"Z",0,"Z",0,"Z",0,"Z",0,"Z",0,"Z",0,"Z",0,"Z",0,"Z",0,"Z",0,"Z",0,"Z",0,"Z",0,"Z",0,"Z",0,"Z",0,"Z",0,"Z",0,"Z",0
229115,"50.0101",1,17, 2,"R",8,"R",5,"R",3,"R",0,"R",0,"R",0,"R",0,"R",0,"R",0,"R",0,"R",0,"R",0,"R",1,"R",1,"R",0,"R",0,"R",0,"R",0,"R",4,"R",4,"R",0,"R",0,"R",0,"R",0,"R",0,"R",0,"R",0,"R",3,"R",0,"R",3
230764,"50.0101",1,05, 2,"R",3,"R",1,"R",2,"R",0,"R",0,"R",0,"R",0,"R",0,"R",0,"R",0,"R",0,"R",0,"R",0,"R",0,"R",0,"R",0,"R",0,"R",0,"R",3,"R",1,"R",2,"R",0,"R",0,"R",0,"R",0,"R",0,"R",0,"R",0,"R",0,"R",0
230816,"50.0101",1,05, 2,"R",30,"R",13,"R",17,"Z",0,"Z",0,"Z",0,"R",2,"R",1,"R",1,"R",1,"Z",0,"R",1,"Z",0,"Z",0,"Z",0,"Z",0,"Z",0,"Z",0,"R",23,"R",10,"R",13,"Z",0,"Z",0,"Z",0,"R",2,"R",2,"Z",0,"R",2,"Z",0,"R",2
230816,"50.0101",2,05, 2,"R",4,"Z",0,"R",4,"Z",0,"Z",0,"Z",0,"Z",0,"Z",0,"Z",0,"Z",0,"Z",0,"Z",0,"Z",0,"Z",0,"Z",0,"Z",0,"Z",0,"Z",0,"R",4,"Z",0,"R",4,"Z",0,"Z",0,"Z",0,"Z",0,"Z",0,"Z",0,"Z",0,"Z",0,"Z",0
230852,"50.0101",1,05, 2,"R",0,"R",0,"Z",0,"Z",0,"Z",0,"Z",0,"Z",0,"Z",0,"Z",0,"Z",0,"Z",0,"Z",0,"Z",0,"Z",0,"Z",0,"Z",0,"Z",0,"Z",0,"Z",0,"Z",0,"Z",0,"Z",0,"Z",0,"Z",0,"R",0,"R",0,"Z",0,"Z",0,"Z",0,"Z",0
230940,"50.0101",1,05, 2,"R",0,"R",0,"Z",0,"Z",0,"Z",0,"Z",0,"Z",0,"Z",0,"Z",0,"Z",0,"Z",0,"Z",0,"Z",0,"Z",0,"Z",0,"Z",0,"Z",0,"Z",0,"Z",0,"Z",0,"Z",0,"Z",0,"Z",0,"Z",0,"Z",0,"Z",0,"Z",0,"R",0,"R",0,"Z",0
230940,"50.0101",2,05, 2,"R",0,"R",0,"Z",0,"Z",0,"Z",0,"Z",0,"Z",0,"Z",0,"Z",0,"Z",0,"Z",0,"Z",0,"Z",0,"Z",0,"Z",0,"Z",0,"Z",0,"Z",0,"Z",0,"Z",0,"Z",0,"Z",0,"Z",0,"Z",0,"Z",0,"Z",0,"Z",0,"R",0,"R",0,"Z",0
231536,"50.0101",1,01, 2,"R",0,"R",0,"R",0,"R",0,"R",0,"R",0,"R",0,"R",0,"R",0,"R",0,"R",0,"R",0,"R",0,"R",0,"R",0,"R",0,"R",0,"R",0,"R",0,"R",0,"R",0,"R",0,"R",0,"R",0,"R",0,"R",0,"R",0,"R",0,"R",0,"R",0
231651,"50.0101",1,07, 1,"R",16,"R",8,"R",8,"Z",0,"Z",0,"Z",0,"R",1,"Z",0,"R",1,"R",1,"Z",0,"R",1,"Z",0,"Z",0,"Z",0,"Z",0,"Z",0,"Z",0,"R",12,"R",7,"R",5,"R",1,"R",1,"Z",0,"R",1,"Z",0,"R",1,"Z",0,"Z",0,"Z",0
231697,"50.0101",1,01, 2,"R",10,"R",3,"R",7,"R",0,"R",0,"R",0,"R",0,"R",0,"R",0,"R",1,"R",0,"R",1,"R",0,"R",0,"R",0,"R",0,"R",0,"R",0,"R",8,"R",3,"R",5,"R",1,"R",0,"R",1,"R",0,"R",0,"R",0,"R",0,"R",0,"R",0
231712,"50.0101",1,05, 2,"R",67,"R",22,"R",45,"Z",0,"Z",0,"Z",0,"R",2,"R",1,"R",1,"R",2,"R",1,"R",1,"R",7,"R",2,"R",5,"Z",0,"Z",0,"Z",0,"R",52,"R",17,"R",35,"R",4,"R",1,"R",3,"Z",0,"Z",0,"Z",0,"Z",0,"Z",0,"Z",0
231712,"50.0101",2,05, 2,"R",2,"Z",0,"R",2,"Z",0,"Z",0,"Z",0,"Z",0,"Z",0,"Z",0,"Z",0,"Z",0,"Z",0,"Z",0,"Z",0,"Z",0,"Z",0,"Z",0,"Z",0,"R",2,"Z",0,"R",2,"Z",0,"Z",0,"Z",0,"Z",0,"Z",0,"Z",0,"Z",0,"Z",0,"Z",0
232089,"50.0101",1,05, 2,"R",0,"R",0,"R",0,"R",0,"R",0,"R",0,"R",0,"R",0,"R",0,"R",0,"R",0,"R",0,"R",0,"R",0,"R",0,"R",0,"R",0,"R",0,"R",0,"R",0,"R",0,"R",0,"R",0,"R",0,"R",0,"R",0,"R",0,"R",0,"R",0,"R",0
232186,"50.0101",1,05, 2,"R",121,"R",46,"R",75,"R",1,"R",1,"R",0,"R",19,"R",10,"R",9,"R",6,"R",2,"R",4,"R",10,"R",5,"R",5,"R",0,"R",0,"R",0,"R",62,"R",21,"R",41,"R",5,"R",2,"R",3,"R",17,"R",5,"R",12,"R",1,"R",0,"R",1
232186,"50.0101",1,07, 2,"R",6,"R",2,"R",4,"R",0,"R",0,"R",0,"R",0,"R",0,"R",0,"R",0,"R",0,"R",0,"R",0,"R",0,"R",0,"R",0,"R",0,"R",0,"R",2,"R",0,"R",2,"R",0,"R",0,"R",0,"R",4,"R",2,"R",2,"R",0,"R",0,"R",0
232414,"50.0101",1,03, 2,"R",0,"R",0,"R",0,"R",0,"R",0,"R",0,"R",0,"R",0,"R",0,"R",0,"R",0,"R",0,"R",0,"R",0,"R",0,"R",0,"R",0,"R",0,"R",0,"R",0,"R",0,"R",0,"R",0,"R",0,"R",0,"R",0,"R",0,"R",0,"R",0,"R",0
232566,"50.0101",1,05, 2,"R",59,"R",15,"R",44,"R",0,"R",0,"R",0,"R",1,"R",0,"R",1,"R",5,"R",1,"R",4,"R",2,"R",0,"R",2,"R",0,"R",0,"R",0,"R",45,"R",12,"R",33,"R",3,"R",1,"R",2,"R",3,"R",1,"R",2,"R",0,"R",0,"R",0
232566,"50.0101",2,05, 2,"R",0,"R",0,"R",0,"R",0,"R",0,"R",0,"R",0,"R",0,"R",0,"R",0,"R",0,"R",0,"R",0,"R",0,"R",0,"R",0,"R",0,"R",0,"R",0,"R",0,"R",0,"R",0,"R",0,"R",0,"R",0,"R",0,"R",0,"R",0,"R",0,"R",0
232575,"50.0101",1,01, 2,"R",3,"R",2,"R",1,"R",0,"R",0,"R",0,"R",0,"R",0,"R",0,"R",0,"R",0,"R",0,"R",1,"R",0,"R",1,"R",0,"R",0,"R",0,"R",2,"R",2,"R",0,"R",0,"R",0,"R",0,"R",0,"R",0,"R",0,"R",0,"R",0,"R",0
232681,"50.0101",1,05, 2,"R",7,"R",2,"R",5,"Z",0,"Z",0,"Z",0,"Z",0,"Z",0,"Z",0,"Z",0,"Z",0,"Z",0,"Z",0,"Z",0,"Z",0,"Z",0,"Z",0,"Z",0,"R",5,"R",2,"R",3,"Z",0,"Z",0,"Z",0,"R",2,"Z",0,"R",2,"Z",0,"Z",0,"Z",0
232788,"50.0101",1,01, 2,"R",0,"R",0,"R",0,"R",0,"R",0,"R",0,"R",0,"R",0,"R",0,"R",0,"R",0,"R",0,"R",0,"R",0,"R",0,"R",0,"R",0,"R",0,"R",0,"R",0,"R",0,"R",0,"R",0,"R",0,"R",0,"R",0,"R",0,"R",0,"R",0,"R",0
232937,"50.0101",1,07, 2,"R",5,"R",3,"R",2,"Z",0,"Z",0,"Z",0,"Z",0,"Z",0,"Z",0,"Z",0,"Z",0,"Z",0,"Z",0,"Z",0,"Z",0,"Z",0,"Z",0,"Z",0,"R",3,"R",2,"R",1,"Z",0,"Z",0,"Z",0,"R",2,"R",1,"R",1,"Z",0,"Z",0,"Z",0
232946,"50.0101",1,01, 1,"R",9,"R",3,"R",6,"R",0,"R",0,"R",0,"R",0,"R",0,"R",0,"R",1,"R",0,"R",1,"R",1,"R",0,"R",1,"R",0,"R",0,"R",0,"R",6,"R",3,"R",3,"R",0,"R",0,"R",0,"R",0,"R",0,"R",0,"R",1,"R",0,"R",1
232946,"50.0101",1,03, 1,"R",90,"R",41,"R",49,"R",0,"R",0,"R",0,"R",15,"R",6,"R",9,"R",8,"R",5,"R",3,"R",8,"R",4,"R",4,"R",4,"R",1,"R",3,"R",53,"R",24,"R",29,"R",0,"R",0,"R",0,"R",0,"R",0,"R",0,"R",2,"R",1,"R",1
233019,"50.0101",1,01, 2,"R",0,"R",0,"R",0,"R",0,"R",0,"R",0,"R",0,"R",0,"R",0,"R",0,"R",0,"R",0,"R",0,"R",0,"R",0,"R",0,"R",0,"R",0,"R",0,"R",0,"R",0,"R",0,"R",0,"R",0,"R",0,"R",0,"R",0,"R",0,"R",0,"R",0
233116,"50.0101",1,03, 2,"R",9,"R",3,"R",6,"R",0,"R",0,"R",0,"R",0,"R",0,"R",0,"R",0,"R",0,"R",0,"R",1,"R",1,"R",0,"R",1,"R",0,"R",1,"R",7,"R",2,"R",5,"R",0,"R",0,"R",0,"R",0,"R",0,"R",0,"R",0,"R",0,"R",0
233541,"50.0101",1,05, 2,"R",2,"R",0,"R",2,"R",0,"R",0,"R",0,"R",0,"R",0,"R",0,"R",0,"R",0,"R",0,"R",0,"R",0,"R",0,"R",0,"R",0,"R",0,"R",0,"R",0,"R",0,"R",0,"R",0,"R",0,"R",2,"R",0,"R",2,"R",0,"R",0,"R",0
233611,"50.0101",1,05, 2,"R",11,"R",1,"R",10,"R",1,"Z",0,"R",1,"Z",0,"Z",0,"Z",0,"Z",0,"Z",0,"Z",0,"R",1,"Z",0,"R",1,"Z",0,"Z",0,"Z",0,"R",9,"R",1,"R",8,"Z",0,"Z",0,"Z",0,"Z",0,"Z",0,"Z",0,"Z",0,"Z",0,"Z",0
233611,"50.0101",2,05, 2,"R",0,"R",0,"Z",0,"Z",0,"Z",0,"Z",0,"Z",0,"Z",0,"Z",0,"Z",0,"Z",0,"Z",0,"Z",0,"Z",0,"Z",0,"Z",0,"Z",0,"Z",0,"R",0,"R",0,"Z",0,"Z",0,"Z",0,"Z",0,"Z",0,"Z",0,"Z",0,"Z",0,"Z",0,"Z",0
233772,"50.0101",1,01, 2,"R",3,"R",1,"R",2,"R",0,"R",0,"R",0,"R",1,"R",1,"R",0,"R",1,"R",0,"R",1,"R",0,"R",0,"R",0,"R",0,"R",0,"R",0,"R",1,"R",0,"R",1,"R",0,"R",0,"R",0,"R",0,"R",0,"R",0,"R",0,"R",0,"R",0
234155,"50.0101",1,05, 2,"R",14,"R",6,"R",8,"Z",0,"Z",0,"Z",0,"Z",0,"Z",0,"Z",0,"R",14,"R",6,"R",8,"Z",0,"Z",0,"Z",0,"Z",0,"Z",0,"Z",0,"Z",0,"Z",0,"Z",0,"Z",0,"Z",0,"Z",0,"Z",0,"Z",0,"Z",0,"Z",0,"Z",0,"Z",0
236595,"50.0101",1,05, 2,"R",8,"R",3,"R",5,"Z",0,"Z",0,"Z",0,"Z",0,"Z",0,"Z",0,"Z",0,"Z",0,"Z",0,"R",1,"R",1,"Z",0,"Z",0,"Z",0,"Z",0,"R",5,"Z",0,"R",5,"Z",0,"Z",0,"Z",0,"R",1,"R",1,"Z",0,"R",1,"R",1,"Z",0
236595,"50.0101",2,05, 2,"R",0,"Z",0,"R",0,"Z",0,"Z",0,"Z",0,"Z",0,"Z",0,"Z",0,"Z",0,"Z",0,"Z",0,"Z",0,"Z",0,"Z",0,"Z",0,"Z",0,"Z",0,"Z",0,"Z",0,"Z",0,"Z",0,"Z",0,"Z",0,"R",0,"Z",0,"R",0,"Z",0,"Z",0,"Z",0
237011,"50.0101",1,05, 2,"R",0,"R",0,"Z",0,"Z",0,"Z",0,"Z",0,"Z",0,"Z",0,"Z",0,"R",0,"R",0,"Z",0,"Z",0,"Z",0,"Z",0,"Z",0,"Z",0,"Z",0,"Z",0,"Z",0,"Z",0,"Z",0,"Z",0,"Z",0,"Z",0,"Z",0,"Z",0,"Z",0,"Z",0,"Z",0
237181,"50.0101",1,05, 2,"R",2,"R",2,"Z",0,"Z",0,"Z",0,"Z",0,"Z",0,"Z",0,"Z",0,"Z",0,"Z",0,"Z",0,"Z",0,"Z",0,"Z",0,"Z",0,"Z",0,"Z",0,"R",2,"R",2,"Z",0,"Z",0,"Z",0,"Z",0,"Z",0,"Z",0,"Z",0,"Z",0,"Z",0,"Z",0
237181,"50.0101",2,05, 2,"R",2,"Z",0,"R",2,"Z",0,"Z",0,"Z",0,"Z",0,"Z",0,"Z",0,"Z",0,"Z",0,"Z",0,"Z",0,"Z",0,"Z",0,"Z",0,"Z",0,"Z",0,"R",2,"Z",0,"R",2,"Z",0,"Z",0,"Z",0,"Z",0,"Z",0,"Z",0,"Z",0,"Z",0,"Z",0
238032,"50.0101",1,07, 2,"R",3,"R",1,"R",2,"Z",0,"Z",0,"Z",0,"Z",0,"Z",0,"Z",0,"Z",0,"Z",0,"Z",0,"Z",0,"Z",0,"Z",0,"Z",0,"Z",0,"Z",0,"R",2,"Z",0,"R",2,"Z",0,"Z",0,"Z",0,"Z",0,"Z",0,"Z",0,"R",1,"R",1,"Z",0
238333,"50.0101",1,05, 2,"R",0,"R",0,"R",0,"Z",0,"Z",0,"Z",0,"Z",0,"Z",0,"Z",0,"Z",0,"Z",0,"Z",0,"Z",0,"Z",0,"Z",0,"Z",0,"Z",0,"Z",0,"Z",0,"Z",0,"Z",0,"Z",0,"Z",0,"Z",0,"Z",0,"Z",0,"Z",0,"R",0,"R",0,"R",0
238333,"50.0101",2,05, 2,"R",0,"R",0,"R",0,"Z",0,"Z",0,"Z",0,"Z",0,"Z",0,"Z",0,"Z",0,"Z",0,"Z",0,"Z",0,"Z",0,"Z",0,"Z",0,"Z",0,"Z",0,"Z",0,"Z",0,"Z",0,"Z",0,"Z",0,"Z",0,"Z",0,"Z",0,"Z",0,"R",0,"R",0,"R",0
238430,"50.0101",1,07, 2,"R",6,"R",2,"R",4,"Z",0,"Z",0,"Z",0,"Z",0,"Z",0,"Z",0,"Z",0,"Z",0,"Z",0,"Z",0,"Z",0,"Z",0,"Z",0,"Z",0,"Z",0,"R",5,"R",1,"R",4,"Z",0,"Z",0,"Z",0,"R",1,"R",1,"Z",0,"Z",0,"Z",0,"Z",0
238980,"50.0101",1,05, 2,"R",0,"R",0,"R",0,"Z",0,"Z",0,"Z",0,"Z",0,"Z",0,"Z",0,"Z",0,"Z",0,"Z",0,"Z",0,"Z",0,"Z",0,"Z",0,"Z",0,"Z",0,"Z",0,"Z",0,"Z",0,"Z",0,"Z",0,"Z",0,"Z",0,"Z",0,"Z",0,"R",0,"R",0,"R",0
239442,"50.0102",1,01, 2,"R",1,"Z",0,"R",1,"Z",0,"Z",0,"Z",0,"Z",0,"Z",0,"Z",0,"Z",0,"Z",0,"Z",0,"Z",0,"Z",0,"Z",0,"Z",0,"Z",0,"Z",0,"R",1,"Z",0,"R",1,"Z",0,"Z",0,"Z",0,"Z",0,"Z",0,"Z",0,"Z",0,"Z",0,"Z",0
239503,"50.0101",1,05, 2,"R",0,"R",0,"R",0,"Z",0,"Z",0,"Z",0,"Z",0,"Z",0,"Z",0,"Z",0,"Z",0,"Z",0,"Z",0,"Z",0,"Z",0,"Z",0,"Z",0,"Z",0,"R",0,"R",0,"R",0,"Z",0,"Z",0,"Z",0,"Z",0,"Z",0,"Z",0,"Z",0,"Z",0,"Z",0
240125,"50.0102",1,03, 2,"R",3,"R",2,"R",1,"Z",0,"Z",0,"Z",0,"Z",0,"Z",0,"Z",0,"Z",0,"Z",0,"Z",0,"Z",0,"Z",0,"Z",0,"Z",0,"Z",0,"Z",0,"R",3,"R",2,"R",1,"Z",0,"Z",0,"Z",0,"Z",0,"Z",0,"Z",0,"Z",0,"Z",0,"Z",0
240189,"50.0102",1,05, 2,"R",30,"R",19,"R",11,"R",0,"R",0,"R",0,"R",1,"R",1,"R",0,"R",3,"R",2,"R",1,"R",0,"R",0,"R",0,"R",0,"R",0,"R",0,"R",26,"R",16,"R",10,"R",0,"R",0,"R",0,"R",0,"R",0,"R",0,"R",0,"R",0,"R",0
240374,"50.0102",1,05, 2,"R",18,"R",11,"R",7,"R",0,"R",0,"R",0,"R",0,"R",0,"R",0,"R",2,"R",1,"R",1,"R",1,"R",1,"R",0,"R",0,"R",0,"R",0,"R",14,"R",8,"R",6,"R",1,"R",1,"R",0,"R",0,"R",0,"R",0,"R",0,"R",0,"R",0
240453,"50.0101",1,07, 2,"R",16,"R",8,"R",8,"R",0,"R",0,"R",0,"R",0,"R",0,"R",0,"R",1,"R",1,"R",0,"R",5,"R",2,"R",3,"R",0,"R",0,"R",0,"R",9,"R",4,"R",5,"R",0,"R",0,"R",0,"R",1,"R",1,"R",0,"R",0,"R",0,"R",0
241191,"50.0101",1,05, 2,"R",0,"R",0,"R",0,"Z",0,"Z",0,"Z",0,"Z",0,"Z",0,"Z",0,"Z",0,"Z",0,"Z",0,"R",0,"R",0,"R",0,"Z",0,"Z",0,"Z",0,"Z",0,"Z",0,"Z",0,"Z",0,"Z",0,"Z",0,"Z",0,"Z",0,"Z",0,"Z",0,"Z",0,"Z",0
241410,"50.0101",1,05, 2,"R",0,"R",0,"R",0,"Z",0,"Z",0,"Z",0,"Z",0,"Z",0,"Z",0,"Z",0,"Z",0,"Z",0,"R",0,"R",0,"R",0,"Z",0,"Z",0,"Z",0,"Z",0,"Z",0,"Z",0,"Z",0,"Z",0,"Z",0,"Z",0,"Z",0,"Z",0,"Z",0,"Z",0,"Z",0
242617,"50.0101",1,05, 2,"R",0,"R",0,"R",0,"Z",0,"Z",0,"Z",0,"Z",0,"Z",0,"Z",0,"Z",0,"Z",0,"Z",0,"R",0,"R",0,"R",0,"Z",0,"Z",0,"Z",0,"Z",0,"Z",0,"Z",0,"Z",0,"Z",0,"Z",0,"Z",0,"Z",0,"Z",0,"Z",0,"Z",0,"Z",0
243443,"50.0101",1,05, 2,"R",18,"R",10,"R",8,"Z",0,"Z",0,"Z",0,"Z",0,"Z",0,"Z",0,"Z",0,"Z",0,"Z",0,"R",18,"R",10,"R",8,"Z",0,"Z",0,"Z",0,"Z",0,"Z",0,"Z",0,"Z",0,"Z",0,"Z",0,"Z",0,"Z",0,"Z",0,"Z",0,"Z",0,"Z",0
245892,"50.0101",1,07, 1,"R",1,"Z",0,"R",1,"Z",0,"Z",0,"Z",0,"Z",0,"Z",0,"Z",0,"Z",0,"Z",0,"Z",0,"Z",0,"Z",0,"Z",0,"Z",0,"Z",0,"Z",0,"R",1,"Z",0,"R",1,"Z",0,"Z",0,"Z",0,"Z",0,"Z",0,"Z",0,"Z",0,"Z",0,"Z",0
246354,"50.0101",1,03, 2,"R",1,"R",1,"R",0,"R",0,"R",0,"R",0,"R",0,"R",0,"R",0,"R",0,"R",0,"R",0,"R",1,"R",1,"R",0,"R",0,"R",0,"R",0,"R",0,"R",0,"R",0,"R",0,"R",0,"R",0,"R",0,"R",0,"R",0,"R",0,"R",0,"R",0
250601,"51.0714",1,02, 2,"R",51,"R",4,"R",47,"R",8,"R",1,"R",7,"R",0,"R",0,"R",0,"R",5,"R",0,"R",5,"R",22,"R",1,"R",21,"R",1,"R",0,"R",1,"R",15,"R",2,"R",13,"R",0,"R",0,"R",0,"R",0,"R",0,"R",0,"R",0,"R",0,"R",0
250601,"51.0806",1,02, 2,"R",47,"R",23,"R",24,"R",10,"R",5,"R",5,"R",2,"R",2,"R",0,"R",1,"R",1,"R",0,"R",18,"R",10,"R",8,"R",0,"R",0,"R",0,"R",14,"R",5,"R",9,"R",1,"R",0,"R",1,"R",1,"R",0,"R",1,"R",0,"R",0,"R",0
250601,"51.0812",1,03, 2,"R",32,"R",19,"R",13,"R",1,"R",1,"R",0,"R",0,"R",0,"R",0,"R",2,"R",1,"R",1,"R",11,"R",5,"R",6,"R",0,"R",0,"R",0,"R",12,"R",8,"R",4,"R",0,"R",0,"R",0,"R",6,"R",4,"R",2,"R",0,"R",0,"R",0
250601,"51.0907",1,03, 2,"R",51,"R",24,"R",27,"R",1,"R",0,"R",1,"R",3,"R",2,"R",1,"R",0,"R",0,"R",0,"R",9,"R",6,"R",3,"R",1,"R",1,"R",0,"R",29,"R",12,"R",17,"R",0,"R",0,"R",0,"R",8,"R",3,"R",5,"R",0,"R",0,"R",0
250601,"51.0908",1,03, 2,"R",0,"R",0,"Z",0,"Z",0,"Z",0,"Z",0,"Z",0,"Z",0,"Z",0,"Z",0,"Z",0,"Z",0,"Z",0,"Z",0,"Z",0,"Z",0,"Z",0,"Z",0,"Z",0,"Z",0,"Z",0,"Z",0,"Z",0,"Z",0,"Z",0,"Z",0,"Z",0,"R",0,"R",0,"Z",0
250601,"51.1004",1,03, 2,"R",23,"R",9,"R",14,"R",1,"R",0,"R",1,"R",1,"R",0,"R",1,"R",0,"R",0,"R",0,"R",4,"R",1,"R",3,"R",0,"R",0,"R",0,"R",15,"R",7,"R",8,"R",0,"R",0,"R",0,"R",2,"R",1,"R",1,"R",0,"R",0,"R",0
250601,"51.3801",1,03, 2,"R",68,"R",17,"R",51,"R",0,"R",0,"R",0,"R",2,"R",1,"R",1,"R",12,"R",2,"R",10,"R",11,"R",2,"R",9,"R",0,"R",0,"R",0,"R",39,"R",10,"R",29,"R",0,"R",0,"R",0,"R",4,"R",2,"R",2,"R",0,"R",0,"R",0
250601,"99     ",1,02,-2,"R",98,"R",27,"R",71,"R",18,"R",6,"R",12,"R",2,"R",2,"R",0,"R",6,"R",1,"R",5,"R",40,"R",11,"R",29,"R",1,"R",0,"R",1,"R",29,"R",7,"R",22,"R",1,"R",0,"R",1,"R",1,"R",0,"R",1,"R",0,"R",0,"R",0
250601,"99     ",1,03,-2,"R",174,"R",69,"R",105,"R",3,"R",1,"R",2,"R",6,"R",3,"R",3,"R",14,"R",3,"R",11,"R",35,"R",14,"R",21,"R",1,"R",1,"R",0,"R",95,"R",37,"R",58,"R",0,"R",0,"R",0,"R",20,"R",10,"R",10,"R",0,"R",0,"R",0
251075,"50.0102",1,03, 2,"R",10,"R",3,"R",7,"Z",0,"Z",0,"Z",0,"Z",0,"Z",0,"Z",0,"R",2,"R",1,"R",1,"Z",0,"Z",0,"Z",0,"Z",0,"Z",0,"Z",0,"R",2,"Z",0,"R",2,"Z",0,"Z",0,"Z",0,"R",6,"R",2,"R",4,"Z",0,"Z",0,"Z",0
364016,"50.0101",1,03, 2,"R",0,"R",0,"Z",0,"Z",0,"Z",0,"Z",0,"Z",0,"Z",0,"Z",0,"Z",0,"Z",0,"Z",0,"Z",0,"Z",0,"Z",0,"Z",0,"Z",0,"Z",0,"Z",0,"Z",0,"Z",0,"Z",0,"Z",0,"Z",0,"Z",0,"Z",0,"Z",0,"R",0,"R",0,"Z",0
364025,"50.0101",1,03, 2,"R",0,"R",0,"Z",0,"Z",0,"Z",0,"Z",0,"Z",0,"Z",0,"Z",0,"Z",0,"Z",0,"Z",0,"Z",0,"Z",0,"Z",0,"Z",0,"Z",0,"Z",0,"Z",0,"Z",0,"Z",0,"Z",0,"Z",0,"Z",0,"Z",0,"Z",0,"Z",0,"R",0,"R",0,"Z",0
365480,"50.0102",1,01, 2,"R",1,"R",1,"Z",0,"Z",0,"Z",0,"Z",0,"Z",0,"Z",0,"Z",0,"Z",0,"Z",0,"Z",0,"Z",0,"Z",0,"Z",0,"Z",0,"Z",0,"Z",0,"R",1,"R",1,"Z",0,"Z",0,"Z",0,"Z",0,"Z",0,"Z",0,"Z",0,"Z",0,"Z",0,"Z",0
366711,"50.0101",1,05, 2,"R",31,"R",22,"R",9,"R",0,"R",0,"R",0,"R",3,"R",3,"R",0,"R",1,"R",1,"R",0,"R",1,"R",0,"R",1,"R",1,"R",1,"R",0,"R",17,"R",11,"R",6,"R",2,"R",2,"R",0,"R",5,"R",4,"R",1,"R",1,"R",0,"R",1
368452,"50.0102",1,03, 2,"R",7,"R",3,"R",4,"R",0,"R",0,"R",0,"R",0,"R",0,"R",0,"R",0,"R",0,"R",0,"R",1,"R",0,"R",1,"R",0,"R",0,"R",0,"R",6,"R",3,"R",3,"R",0,"R",0,"R",0,"R",0,"R",0,"R",0,"R",0,"R",0,"R",0
382911,"50.0101",1,03, 2,"R",0,"Z",0,"R",0,"Z",0,"Z",0,"Z",0,"Z",0,"Z",0,"Z",0,"Z",0,"Z",0,"Z",0,"Z",0,"Z",0,"Z",0,"Z",0,"Z",0,"Z",0,"Z",0,"Z",0,"Z",0,"Z",0,"Z",0,"Z",0,"R",0,"Z",0,"R",0,"Z",0,"Z",0,"Z",0
384333,"50.0101",1,03, 2,"R",0,"R",0,"Z",0,"Z",0,"Z",0,"Z",0,"Z",0,"Z",0,"Z",0,"Z",0,"Z",0,"Z",0,"Z",0,"Z",0,"Z",0,"Z",0,"Z",0,"Z",0,"Z",0,"Z",0,"Z",0,"Z",0,"Z",0,"Z",0,"Z",0,"Z",0,"Z",0,"R",0,"R",0,"Z",0
404426,"50.0101",1,03, 2,"R",4,"Z",0,"R",4,"Z",0,"Z",0,"Z",0,"Z",0,"Z",0,"Z",0,"Z",0,"Z",0,"Z",0,"Z",0,"Z",0,"Z",0,"Z",0,"Z",0,"Z",0,"R",3,"Z",0,"R",3,"R",1,"Z",0,"R",1,"Z",0,"Z",0,"Z",0,"Z",0,"Z",0,"Z",0
418348,"50.0102",1,02, 2,"R",4,"R",4,"Z",0,"Z",0,"Z",0,"Z",0,"Z",0,"Z",0,"Z",0,"Z",0,"Z",0,"Z",0,"Z",0,"Z",0,"Z",0,"Z",0,"Z",0,"Z",0,"R",4,"R",4,"Z",0,"Z",0,"Z",0,"Z",0,"Z",0,"Z",0,"Z",0,"Z",0,"Z",0,"Z",0
430087,"50.0102",1,05, 2,"R",1,"R",0,"R",1,"R",0,"R",0,"R",0,"R",0,"R",0,"R",0,"R",0,"R",0,"R",0,"R",0,"R",0,"R",0,"R",0,"R",0,"R",0,"R",1,"R",0,"R",1,"R",0,"R",0,"R",0,"R",0,"R",0,"R",0,"R",0,"R",0,"R",0
434672,"50.0101",1,03, 2,"R",31,"R",9,"R",22,"R",0,"R",0,"R",0,"R",4,"R",1,"R",3,"R",5,"R",1,"R",4,"R",3,"R",0,"R",3,"R",0,"R",0,"R",0,"R",18,"R",7,"R",11,"R",1,"R",0,"R",1,"R",0,"R",0,"R",0,"R",0,"R",0,"R",0
440925,"50.0102",1,05, 2,"R",15,"R",10,"R",5,"R",0,"R",0,"R",0,"R",0,"R",0,"R",0,"R",3,"R",3,"R",0,"R",5,"R",4,"R",1,"R",0,"R",0,"R",0,"R",3,"R",1,"R",2,"R",0,"R",0,"R",0,"R",4,"R",2,"R",2,"R",0,"R",0,"R",0
441937,"50.0101",1,05, 2,"R",6,"R",4,"R",2,"R",0,"R",0,"R",0,"R",0,"R",0,"R",0,"R",0,"R",0,"R",0,"R",2,"R",2,"R",0,"R",0,"R",0,"R",0,"R",2,"R",1,"R",1,"R",1,"R",0,"R",1,"R",1,"R",1,"R",0,"R",0,"R",0,"R",0
441937,"50.0101",2,05, 2,"R",1,"R",0,"R",1,"R",0,"R",0,"R",0,"R",0,"R",0,"R",0,"R",0,"R",0,"R",0,"R",0,"R",0,"R",0,"R",0,"R",0,"R",0,"R",1,"R",0,"R",1,"R",0,"R",0,"R",0,"R",0,"R",0,"R",0,"R",0,"R",0,"R",0
443128,"50.0102",1,07, 2,"R",0,"R",0,"Z",0,"Z",0,"Z",0,"Z",0,"Z",0,"Z",0,"Z",0,"Z",0,"Z",0,"Z",0,"Z",0,"Z",0,"Z",0,"Z",0,"Z",0,"Z",0,"R",0,"R",0,"Z",0,"Z",0,"Z",0,"Z",0,"Z",0,"Z",0,"Z",0,"Z",0,"Z",0,"Z",0
445124,"50.0102",1,05, 2,"R",15,"R",10,"R",5,"R",0,"R",0,"R",0,"R",0,"R",0,"R",0,"R",3,"R",1,"R",2,"R",0,"R",0,"R",0,"R",0,"R",0,"R",0,"R",2,"R",2,"R",0,"R",1,"R",0,"R",1,"R",9,"R",7,"R",2,"R",0,"R",0,"R",0
446808,"50.0102",1,05, 2,"R",8,"R",7,"R",1,"R",0,"R",0,"R",0,"R",1,"R",1,"R",0,"R",0,"R",0,"R",0,"R",0,"R",0,"R",0,"R",0,"R",0,"R",0,"R",6,"R",5,"R",1,"R",0,"R",0,"R",0,"R",1,"R",1,"R",0,"R",0,"R",0,"R",0
450401,"12.0401",1,02, 2,"R",75,"R",2,"R",73,"R",3,"R",0,"R",3,"R",2,"R",0,"R",2,"R",1,"R",0,"R",1,"R",3,"R",0,"R",3,"R",0,"R",0,"R",0,"R",18,"R",1,"R",17,"R",0,"R",0,"R",0,"R",48,"R",1,"R",47,"R",0,"R",0,"R",0
450401,"12.0401",1,03, 2,"R",12,"Z",0,"R",12,"Z",0,"Z",0,"Z",0,"Z",0,"Z",0,"Z",0,"R",2,"Z",0,"R",2,"R",1,"Z",0,"R",1,"Z",0,"Z",0,"Z",0,"R",6,"Z",0,"R",6,"Z",0,"Z",0,"Z",0,"R",3,"Z",0,"R",3,"Z",0,"Z",0,"Z",0
450401,"12.0406",1,01, 2,"R",19,"R",1,"R",18,"R",0,"R",0,"R",0,"R",0,"R",0,"R",0,"R",5,"R",0,"R",5,"R",4,"R",0,"R",4,"R",0,"R",0,"R",0,"R",10,"R",1,"R",9,"R",0,"R",0,"R",0,"R",0,"R",0,"R",0,"R",0,"R",0,"R",0
450401,"12.0408",1,01, 2,"R",61,"R",0,"R",61,"R",1,"Z",0,"R",1,"Z",0,"Z",0,"Z",0,"R",7,"Z",0,"R",7,"R",3,"R",0,"R",3,"R",1,"Z",0,"R",1,"R",42,"Z",0,"R",42,"Z",0,"Z",0,"Z",0,"R",7,"Z",0,"R",7,"R",0,"R",0,"R",0
450401,"12.0410",1,01, 2,"R",20,"R",0,"R",20,"R",1,"R",0,"R",1,"R",2,"Z",0,"R",2,"R",8,"Z",0,"R",8,"R",0,"R",0,"Z",0,"Z",0,"Z",0,"Z",0,"R",8,"Z",0,"R",8,"R",1,"Z",0,"R",1,"Z",0,"Z",0,"Z",0,"R",0,"R",0,"Z",0
450401,"12.0413",1,02, 2,"R",10,"R",1,"R",9,"R",1,"Z",0,"R",1,"Z",0,"Z",0,"Z",0,"R",2,"Z",0,"R",2,"Z",0,"Z",0,"Z",0,"Z",0,"Z",0,"Z",0,"R",7,"R",1,"R",6,"Z",0,"Z",0,"Z",0,"Z",0,"Z",0,"Z",0,"Z",0,"Z",0,"Z",0
450401,"50.0407",1,01, 2,"R",1,"R",0,"R",1,"R",0,"R",0,"R",0,"R",0,"R",0,"R",0,"R",0,"R",0,"R",0,"R",0,"R",0,"R",0,"R",0,"R",0,"R",0,"R",0,"R",0,"R",0,"R",0,"R",0,"R",0,"R",1,"R",0,"R",1,"R",0,"R",0,"R",0
450401,"50.0407",1,03, 2,"R",1,"R",0,"R",1,"R",0,"R",0,"R",0,"R",0,"R",0,"R",0,"R",0,"R",0,"R",0,"R",0,"R",0,"R",0,"R",0,"R",0,"R",0,"R",1,"R",0,"R",1,"R",0,"R",0,"R",0,"R",0,"R",0,"R",0,"R",0,"R",0,"R",0
450401,"50.0408",1,01, 2,"R",1,"R",1,"R",0,"R",0,"R",0,"R",0,"R",0,"R",0,"R",0,"R",0,"R",0,"R",0,"R",0,"R",0,"R",0,"R",0,"R",0,"R",0,"R",1,"R",1,"R",0,"R",0,"R",0,"R",0,"R",0,"R",0,"R",0,"R",0,"R",0,"R",0
450401,"50.0408",1,03, 2,"R",0,"R",0,"R",0,"R",0,"R",0,"R",0,"R",0,"R",0,"R",0,"R",0,"R",0,"R",0,"R",0,"R",0,"R",0,"R",0,"R",0,"R",0,"R",0,"R",0,"R",0,"R",0,"R",0,"R",0,"R",0,"R",0,"R",0,"R",0,"R",0,"R",0
450401,"99     ",1,01,-2,"R",102,"R",2,"R",100,"R",2,"R",0,"R",2,"R",2,"R",0,"R",2,"R",20,"R",0,"R",20,"R",7,"R",0,"R",7,"R",1,"R",0,"R",1,"R",61,"R",2,"R",59,"R",1,"R",0,"R",1,"R",8,"R",0,"R",8,"R",0,"R",0,"R",0
450401,"99     ",1,02,-2,"R",85,"R",3,"R",82,"R",4,"R",0,"R",4,"R",2,"R",0,"R",2,"R",3,"R",0,"R",3,"R",3,"R",0,"R",3,"R",0,"R",0,"R",0,"R",25,"R",2,"R",23,"R",0,"R",0,"R",0,"R",48,"R",1,"R",47,"R",0,"R",0,"R",0
450401,"99     ",1,03,-2,"R",13,"R",0,"R",13,"R",0,"R",0,"R",0,"R",0,"R",0,"R",0,"R",2,"R",0,"R",2,"R",1,"R",0,"R",1,"R",0,"R",0,"R",0,"R",7,"R",0,"R",7,"R",0,"R",0,"R",0,"R",3,"R",0,"R",3,"R",0,"R",0,"R",0
456296,"50.0102",1,05, 1,"R",3,"R",2,"R",1,"R",0,"R",0,"R",0,"R",0,"R",0,"R",0,"R",0,"R",0,"R",0,"R",0,"R",0,"R",0,"R",0,"R",0,"R",0,"R",3,"R",2,"R",1,"R",0,"R",0,"R",0,"R",0,"R",0,"R",0,"R",0,"R",0,"R",0
457925,"50.0101",1,04, 2,"R",12,"R",7,"R",5,"Z",0,"Z",0,"Z",0,"Z",0,"Z",0,"Z",0,"R",1,"R",1,"Z",0,"R",2,"R",1,"R",1,"Z",0,"Z",0,"Z",0,"R",8,"R",4,"R",4,"R",1,"R",1,"Z",0,"Z",0,"Z",0,"Z",0,"Z",0,"Z",0,"Z",0
479956,"50.0101",1,05, 2,"R",1,"R",0,"R",1,"R",0,"R",0,"R",0,"R",1,"R",0,"R",1,"R",0,"R",0,"R",0,"R",0,"R",0,"R",0,"R",0,"R",0,"R",0,"R",0,"R",0,"R",0,"R",0,"R",0,"R",0,"R",0,"R",0,"R",0,"R",0,"R",0,"R",0
